cell_id,xml_type,subtype,backend,surface,reader_class,product_claim,status,reason,evidence_ref
Spectrum/0:external:normalize:-,Spectrum,0,external,normalize,-,FFT; Y payload; floatComplex/complex64 from subtype source survey,observed,"Parser source/actual decode recognizes the declared subtype, while the current product normalizer does not emit the corresponding FFT/STF product.",docs/plans/2026-09-25-diaggui-xml-product-audit.md#fft-stf-and-other-subtypes; gwexpy/io/dttxml_common.py::load_dttxml_products
Spectrum/0:external:explicit:TimeSeries,Spectrum,0,external,explicit,TimeSeries,FFT; Y payload; floatComplex/complex64 from subtype source survey,N/A,Spectrum and TransferFunction are frequency-domain XML types,docs/plans/2026-09-25-diaggui-xml-product-audit.md#product-claims-and-n-a-rationale
Spectrum/0:external:explicit:TimeSeriesDict,Spectrum,0,external,explicit,TimeSeriesDict,FFT; Y payload; floatComplex/complex64 from subtype source survey,N/A,Spectrum and TransferFunction are frequency-domain XML types,docs/plans/2026-09-25-diaggui-xml-product-audit.md#product-claims-and-n-a-rationale
Spectrum/0:external:explicit:TimeSeriesMatrix,Spectrum,0,external,explicit,TimeSeriesMatrix,FFT; Y payload; floatComplex/complex64 from subtype source survey,N/A,Spectrum and TransferFunction are frequency-domain XML types,docs/plans/2026-09-25-diaggui-xml-product-audit.md#product-claims-and-n-a-rationale
Spectrum/0:external:explicit:FrequencySeries,Spectrum,0,external,explicit,FrequencySeries,FFT; Y payload; floatComplex/complex64 from subtype source survey,unverified,This subtype/class/backend/surface combination has no direct integrated read assertion; subtype inventory evidence does not establish every return-type and metadata route.,tests/io/test_dttxml_issue726.py; docs/plans/2026-09-25-diaggui-xml-product-audit.md#coverage-gaps
Spectrum/0:external:explicit:FrequencySeriesDict,Spectrum,0,external,explicit,FrequencySeriesDict,FFT; Y payload; floatComplex/complex64 from subtype source survey,unverified,This subtype/class/backend/surface combination has no direct integrated read assertion; subtype inventory evidence does not establish every return-type and metadata route.,tests/io/test_dttxml_issue726.py; docs/plans/2026-09-25-diaggui-xml-product-audit.md#coverage-gaps
Spectrum/0:external:explicit:FrequencySeriesMatrix,Spectrum,0,external,explicit,FrequencySeriesMatrix,FFT; Y payload; floatComplex/complex64 from subtype source survey,unverified,This subtype/class/backend/surface combination has no direct integrated read assertion; subtype inventory evidence does not establish every return-type and metadata route.,tests/io/test_dttxml_issue726.py; docs/plans/2026-09-25-diaggui-xml-product-audit.md#coverage-gaps
Spectrum/0:external:auto:TimeSeries,Spectrum,0,external,auto,TimeSeries,FFT; Y payload; floatComplex/complex64 from subtype source survey,N/A,Spectrum and TransferFunction are frequency-domain XML types,docs/plans/2026-09-25-diaggui-xml-product-audit.md#product-claims-and-n-a-rationale
Spectrum/0:external:auto:TimeSeriesDict,Spectrum,0,external,auto,TimeSeriesDict,FFT; Y payload; floatComplex/complex64 from subtype source survey,N/A,Spectrum and TransferFunction are frequency-domain XML types,docs/plans/2026-09-25-diaggui-xml-product-audit.md#product-claims-and-n-a-rationale
Spectrum/0:external:auto:TimeSeriesMatrix,Spectrum,0,external,auto,TimeSeriesMatrix,FFT; Y payload; floatComplex/complex64 from subtype source survey,N/A,Spectrum and TransferFunction are frequency-domain XML types,docs/plans/2026-09-25-diaggui-xml-product-audit.md#product-claims-and-n-a-rationale
Spectrum/0:external:auto:FrequencySeries,Spectrum,0,external,auto,FrequencySeries,FFT; Y payload; floatComplex/complex64 from subtype source survey,unverified,Auto identifier is present for this class but this subtype/backend auto-read combination lacks a direct positive assertion.,gwexpy/frequencyseries/io/dttxml.py:registration; docs/plans/2026-09-25-diaggui-xml-product-audit.md#registry-observations
Spectrum/0:external:auto:FrequencySeriesDict,Spectrum,0,external,auto,FrequencySeriesDict,FFT; Y payload; floatComplex/complex64 from subtype source survey,unverified,Auto identifier is present for this class but this subtype/backend auto-read combination lacks a direct positive assertion.,gwexpy/frequencyseries/io/dttxml.py:registration; docs/plans/2026-09-25-diaggui-xml-product-audit.md#registry-observations
Spectrum/0:external:auto:FrequencySeriesMatrix,Spectrum,0,external,auto,FrequencySeriesMatrix,FFT; Y payload; floatComplex/complex64 from subtype source survey,unverified,Auto identifier is present for this class but this subtype/backend auto-read combination lacks a direct positive assertion.,gwexpy/frequencyseries/io/dttxml.py:registration; docs/plans/2026-09-25-diaggui-xml-product-audit.md#registry-observations
Spectrum/0:native:normalize:-,Spectrum,0,native,normalize,-,FFT; Y payload; floatComplex/complex64 from subtype source survey,observed,"Native parser subtype dispatch does not emit this product; this is an implementation gap, not evidence that the XML subtype is invalid.",gwexpy/io/dttxml_common.py::load_dttxml_native; docs/plans/2026-09-25-diaggui-xml-product-audit.md#fft-stf-and-other-subtypes
Spectrum/0:native:explicit:TimeSeries,Spectrum,0,native,explicit,TimeSeries,FFT; Y payload; floatComplex/complex64 from subtype source survey,N/A,Spectrum and TransferFunction are frequency-domain XML types,docs/plans/2026-09-25-diaggui-xml-product-audit.md#product-claims-and-n-a-rationale
Spectrum/0:native:explicit:TimeSeriesDict,Spectrum,0,native,explicit,TimeSeriesDict,FFT; Y payload; floatComplex/complex64 from subtype source survey,N/A,Spectrum and TransferFunction are frequency-domain XML types,docs/plans/2026-09-25-diaggui-xml-product-audit.md#product-claims-and-n-a-rationale
Spectrum/0:native:explicit:TimeSeriesMatrix,Spectrum,0,native,explicit,TimeSeriesMatrix,FFT; Y payload; floatComplex/complex64 from subtype source survey,N/A,Spectrum and TransferFunction are frequency-domain XML types,docs/plans/2026-09-25-diaggui-xml-product-audit.md#product-claims-and-n-a-rationale
Spectrum/0:native:explicit:FrequencySeries,Spectrum,0,native,explicit,FrequencySeries,FFT; Y payload; floatComplex/complex64 from subtype source survey,unverified,This subtype/class/backend/surface combination has no direct integrated read assertion; subtype inventory evidence does not establish every return-type and metadata route.,tests/io/test_dttxml_issue726.py; docs/plans/2026-09-25-diaggui-xml-product-audit.md#coverage-gaps
Spectrum/0:native:explicit:FrequencySeriesDict,Spectrum,0,native,explicit,FrequencySeriesDict,FFT; Y payload; floatComplex/complex64 from subtype source survey,unverified,This subtype/class/backend/surface combination has no direct integrated read assertion; subtype inventory evidence does not establish every return-type and metadata route.,tests/io/test_dttxml_issue726.py; docs/plans/2026-09-25-diaggui-xml-product-audit.md#coverage-gaps
Spectrum/0:native:explicit:FrequencySeriesMatrix,Spectrum,0,native,explicit,FrequencySeriesMatrix,FFT; Y payload; floatComplex/complex64 from subtype source survey,unverified,This subtype/class/backend/surface combination has no direct integrated read assertion; subtype inventory evidence does not establish every return-type and metadata route.,tests/io/test_dttxml_issue726.py; docs/plans/2026-09-25-diaggui-xml-product-audit.md#coverage-gaps
Spectrum/0:native:auto:TimeSeries,Spectrum,0,native,auto,TimeSeries,FFT; Y payload; floatComplex/complex64 from subtype source survey,N/A,Spectrum and TransferFunction are frequency-domain XML types,docs/plans/2026-09-25-diaggui-xml-product-audit.md#product-claims-and-n-a-rationale
Spectrum/0:native:auto:TimeSeriesDict,Spectrum,0,native,auto,TimeSeriesDict,FFT; Y payload; floatComplex/complex64 from subtype source survey,N/A,Spectrum and TransferFunction are frequency-domain XML types,docs/plans/2026-09-25-diaggui-xml-product-audit.md#product-claims-and-n-a-rationale
Spectrum/0:native:auto:TimeSeriesMatrix,Spectrum,0,native,auto,TimeSeriesMatrix,FFT; Y payload; floatComplex/complex64 from subtype source survey,N/A,Spectrum and TransferFunction are frequency-domain XML types,docs/plans/2026-09-25-diaggui-xml-product-audit.md#product-claims-and-n-a-rationale
Spectrum/0:native:auto:FrequencySeries,Spectrum,0,native,auto,FrequencySeries,FFT; Y payload; floatComplex/complex64 from subtype source survey,unverified,Auto identifier is present for this class but this subtype/backend auto-read combination lacks a direct positive assertion.,gwexpy/frequencyseries/io/dttxml.py:registration; docs/plans/2026-09-25-diaggui-xml-product-audit.md#registry-observations
Spectrum/0:native:auto:FrequencySeriesDict,Spectrum,0,native,auto,FrequencySeriesDict,FFT; Y payload; floatComplex/complex64 from subtype source survey,unverified,Auto identifier is present for this class but this subtype/backend auto-read combination lacks a direct positive assertion.,gwexpy/frequencyseries/io/dttxml.py:registration; docs/plans/2026-09-25-diaggui-xml-product-audit.md#registry-observations
Spectrum/0:native:auto:FrequencySeriesMatrix,Spectrum,0,native,auto,FrequencySeriesMatrix,FFT; Y payload; floatComplex/complex64 from subtype source survey,unverified,Auto identifier is present for this class but this subtype/backend auto-read combination lacks a direct positive assertion.,gwexpy/frequencyseries/io/dttxml.py:registration; docs/plans/2026-09-25-diaggui-xml-product-audit.md#registry-observations
Spectrum/0:fallback:normalize:-,Spectrum,0,fallback,normalize,-,FFT; Y payload; floatComplex/complex64 from subtype source survey,unverified,This subtype was not run through a reader in a clean no-dttxml process; only Spectrum/2 CSD has a verified frequency-product fallback probe.,docs/plans/2026-09-25-diaggui-xml-product-audit.md#coverage-gaps
Spectrum/0:fallback:explicit:TimeSeries,Spectrum,0,fallback,explicit,TimeSeries,FFT; Y payload; floatComplex/complex64 from subtype source survey,N/A,Spectrum and TransferFunction are frequency-domain XML types,docs/plans/2026-09-25-diaggui-xml-product-audit.md#product-claims-and-n-a-rationale
Spectrum/0:fallback:explicit:TimeSeriesDict,Spectrum,0,fallback,explicit,TimeSeriesDict,FFT; Y payload; floatComplex/complex64 from subtype source survey,N/A,Spectrum and TransferFunction are frequency-domain XML types,docs/plans/2026-09-25-diaggui-xml-product-audit.md#product-claims-and-n-a-rationale
Spectrum/0:fallback:explicit:TimeSeriesMatrix,Spectrum,0,fallback,explicit,TimeSeriesMatrix,FFT; Y payload; floatComplex/complex64 from subtype source survey,N/A,Spectrum and TransferFunction are frequency-domain XML types,docs/plans/2026-09-25-diaggui-xml-product-audit.md#product-claims-and-n-a-rationale
Spectrum/0:fallback:explicit:FrequencySeries,Spectrum,0,fallback,explicit,FrequencySeries,FFT; Y payload; floatComplex/complex64 from subtype source survey,unverified,Frequency-product public reader behavior was not exercised in a clean no-dttxml environment for this class and surface.,docs/plans/2026-09-25-diaggui-xml-product-audit.md#coverage-gaps
Spectrum/0:fallback:explicit:FrequencySeriesDict,Spectrum,0,fallback,explicit,FrequencySeriesDict,FFT; Y payload; floatComplex/complex64 from subtype source survey,unverified,Frequency-product public reader behavior was not exercised in a clean no-dttxml environment for this class and surface.,docs/plans/2026-09-25-diaggui-xml-product-audit.md#coverage-gaps
Spectrum/0:fallback:explicit:FrequencySeriesMatrix,Spectrum,0,fallback,explicit,FrequencySeriesMatrix,FFT; Y payload; floatComplex/complex64 from subtype source survey,unverified,Frequency-product public reader behavior was not exercised in a clean no-dttxml environment for this class and surface.,docs/plans/2026-09-25-diaggui-xml-product-audit.md#coverage-gaps
Spectrum/0:fallback:auto:TimeSeries,Spectrum,0,fallback,auto,TimeSeries,FFT; Y payload; floatComplex/complex64 from subtype source survey,N/A,Spectrum and TransferFunction are frequency-domain XML types,docs/plans/2026-09-25-diaggui-xml-product-audit.md#product-claims-and-n-a-rationale
Spectrum/0:fallback:auto:TimeSeriesDict,Spectrum,0,fallback,auto,TimeSeriesDict,FFT; Y payload; floatComplex/complex64 from subtype source survey,N/A,Spectrum and TransferFunction are frequency-domain XML types,docs/plans/2026-09-25-diaggui-xml-product-audit.md#product-claims-and-n-a-rationale
Spectrum/0:fallback:auto:TimeSeriesMatrix,Spectrum,0,fallback,auto,TimeSeriesMatrix,FFT; Y payload; floatComplex/complex64 from subtype source survey,N/A,Spectrum and TransferFunction are frequency-domain XML types,docs/plans/2026-09-25-diaggui-xml-product-audit.md#product-claims-and-n-a-rationale
Spectrum/0:fallback:auto:FrequencySeries,Spectrum,0,fallback,auto,FrequencySeries,FFT; Y payload; floatComplex/complex64 from subtype source survey,unverified,Frequency-product public reader behavior was not exercised in a clean no-dttxml environment for this class and surface.,docs/plans/2026-09-25-diaggui-xml-product-audit.md#coverage-gaps
Spectrum/0:fallback:auto:FrequencySeriesDict,Spectrum,0,fallback,auto,FrequencySeriesDict,FFT; Y payload; floatComplex/complex64 from subtype source survey,unverified,Frequency-product public reader behavior was not exercised in a clean no-dttxml environment for this class and surface.,docs/plans/2026-09-25-diaggui-xml-product-audit.md#coverage-gaps
Spectrum/0:fallback:auto:FrequencySeriesMatrix,Spectrum,0,fallback,auto,FrequencySeriesMatrix,FFT; Y payload; floatComplex/complex64 from subtype source survey,unverified,Frequency-product public reader behavior was not exercised in a clean no-dttxml environment for this class and surface.,docs/plans/2026-09-25-diaggui-xml-product-audit.md#coverage-gaps
Spectrum/1:external:normalize:-,Spectrum,1,external,normalize,-,PSD; Y payload; float/float32 from subtype source survey,verified,Installed dttxml normalization and decoded payload are covered by an existing verified fixture/test for this subtype.,tests/io/test_dttxml_issue726.py; tests/io/dttxml_audit/test_subtypes.py
Spectrum/1:external:explicit:TimeSeries,Spectrum,1,external,explicit,TimeSeries,PSD; Y payload; float/float32 from subtype source survey,N/A,Spectrum and TransferFunction are frequency-domain XML types,docs/plans/2026-09-25-diaggui-xml-product-audit.md#product-claims-and-n-a-rationale
Spectrum/1:external:explicit:TimeSeriesDict,Spectrum,1,external,explicit,TimeSeriesDict,PSD; Y payload; float/float32 from subtype source survey,N/A,Spectrum and TransferFunction are frequency-domain XML types,docs/plans/2026-09-25-diaggui-xml-product-audit.md#product-claims-and-n-a-rationale
Spectrum/1:external:explicit:TimeSeriesMatrix,Spectrum,1,external,explicit,TimeSeriesMatrix,PSD; Y payload; float/float32 from subtype source survey,N/A,Spectrum and TransferFunction are frequency-domain XML types,docs/plans/2026-09-25-diaggui-xml-product-audit.md#product-claims-and-n-a-rationale
Spectrum/1:external:explicit:FrequencySeries,Spectrum,1,external,explicit,FrequencySeries,PSD; Y payload; float/float32 from subtype source survey,verified,"This subtype/class/backend/surface has a positive integrated assertion for values, coordinates, pair direction, and applicable metadata.",tests/io/test_dttxml_issue726.py; tests/io/dttxml_audit/test_readers.py
Spectrum/1:external:explicit:FrequencySeriesDict,Spectrum,1,external,explicit,FrequencySeriesDict,PSD; Y payload; float/float32 from subtype source survey,verified,"This subtype/class/backend/surface has a positive integrated assertion for values, coordinates, pair direction, and applicable metadata.",tests/io/test_dttxml_issue726.py; tests/io/dttxml_audit/test_readers.py
Spectrum/1:external:explicit:FrequencySeriesMatrix,Spectrum,1,external,explicit,FrequencySeriesMatrix,PSD; Y payload; float/float32 from subtype source survey,unverified,This subtype/class/backend/surface combination has no direct integrated read assertion; subtype inventory evidence does not establish every return-type and metadata route.,tests/io/test_dttxml_issue726.py; docs/plans/2026-09-25-diaggui-xml-product-audit.md#coverage-gaps
Spectrum/1:external:auto:TimeSeries,Spectrum,1,external,auto,TimeSeries,PSD; Y payload; float/float32 from subtype source survey,N/A,Spectrum and TransferFunction are frequency-domain XML types,docs/plans/2026-09-25-diaggui-xml-product-audit.md#product-claims-and-n-a-rationale
Spectrum/1:external:auto:TimeSeriesDict,Spectrum,1,external,auto,TimeSeriesDict,PSD; Y payload; float/float32 from subtype source survey,N/A,Spectrum and TransferFunction are frequency-domain XML types,docs/plans/2026-09-25-diaggui-xml-product-audit.md#product-claims-and-n-a-rationale
Spectrum/1:external:auto:TimeSeriesMatrix,Spectrum,1,external,auto,TimeSeriesMatrix,PSD; Y payload; float/float32 from subtype source survey,N/A,Spectrum and TransferFunction are frequency-domain XML types,docs/plans/2026-09-25-diaggui-xml-product-audit.md#product-claims-and-n-a-rationale
Spectrum/1:external:auto:FrequencySeries,Spectrum,1,external,auto,FrequencySeries,PSD; Y payload; float/float32 from subtype source survey,unverified,Auto identifier is present for this class but this subtype/backend auto-read combination lacks a direct positive assertion.,gwexpy/frequencyseries/io/dttxml.py:registration; docs/plans/2026-09-25-diaggui-xml-product-audit.md#registry-observations
Spectrum/1:external:auto:FrequencySeriesDict,Spectrum,1,external,auto,FrequencySeriesDict,PSD; Y payload; float/float32 from subtype source survey,unverified,Auto identifier is present for this class but this subtype/backend auto-read combination lacks a direct positive assertion.,gwexpy/frequencyseries/io/dttxml.py:registration; docs/plans/2026-09-25-diaggui-xml-product-audit.md#registry-observations
Spectrum/1:external:auto:FrequencySeriesMatrix,Spectrum,1,external,auto,FrequencySeriesMatrix,PSD; Y payload; float/float32 from subtype source survey,unverified,Auto identifier is present for this class but this subtype/backend auto-read combination lacks a direct positive assertion.,gwexpy/frequencyseries/io/dttxml.py:registration; docs/plans/2026-09-25-diaggui-xml-product-audit.md#registry-observations
Spectrum/1:native:normalize:-,Spectrum,1,native,normalize,-,PSD; Y payload; float/float32 from subtype source survey,verified,Native normalized payload values and reader behavior are asserted by the integrated positive characterization.,tests/io/test_dttxml_issue726.py; tests/io/dttxml_audit/test_subtypes.py
Spectrum/1:native:explicit:TimeSeries,Spectrum,1,native,explicit,TimeSeries,PSD; Y payload; float/float32 from subtype source survey,N/A,Spectrum and TransferFunction are frequency-domain XML types,docs/plans/2026-09-25-diaggui-xml-product-audit.md#product-claims-and-n-a-rationale
Spectrum/1:native:explicit:TimeSeriesDict,Spectrum,1,native,explicit,TimeSeriesDict,PSD; Y payload; float/float32 from subtype source survey,N/A,Spectrum and TransferFunction are frequency-domain XML types,docs/plans/2026-09-25-diaggui-xml-product-audit.md#product-claims-and-n-a-rationale
Spectrum/1:native:explicit:TimeSeriesMatrix,Spectrum,1,native,explicit,TimeSeriesMatrix,PSD; Y payload; float/float32 from subtype source survey,N/A,Spectrum and TransferFunction are frequency-domain XML types,docs/plans/2026-09-25-diaggui-xml-product-audit.md#product-claims-and-n-a-rationale
Spectrum/1:native:explicit:FrequencySeries,Spectrum,1,native,explicit,FrequencySeries,PSD; Y payload; float/float32 from subtype source survey,verified,"This subtype/class/backend/surface has a positive integrated assertion for values, coordinates, pair direction, and applicable metadata.",tests/io/test_dttxml_issue726.py; tests/io/dttxml_audit/test_readers.py
Spectrum/1:native:explicit:FrequencySeriesDict,Spectrum,1,native,explicit,FrequencySeriesDict,PSD; Y payload; float/float32 from subtype source survey,verified,"This subtype/class/backend/surface has a positive integrated assertion for values, coordinates, pair direction, and applicable metadata.",tests/io/test_dttxml_issue726.py; tests/io/dttxml_audit/test_readers.py
Spectrum/1:native:explicit:FrequencySeriesMatrix,Spectrum,1,native,explicit,FrequencySeriesMatrix,PSD; Y payload; float/float32 from subtype source survey,unverified,This subtype/class/backend/surface combination has no direct integrated read assertion; subtype inventory evidence does not establish every return-type and metadata route.,tests/io/test_dttxml_issue726.py; docs/plans/2026-09-25-diaggui-xml-product-audit.md#coverage-gaps
Spectrum/1:native:auto:TimeSeries,Spectrum,1,native,auto,TimeSeries,PSD; Y payload; float/float32 from subtype source survey,N/A,Spectrum and TransferFunction are frequency-domain XML types,docs/plans/2026-09-25-diaggui-xml-product-audit.md#product-claims-and-n-a-rationale
Spectrum/1:native:auto:TimeSeriesDict,Spectrum,1,native,auto,TimeSeriesDict,PSD; Y payload; float/float32 from subtype source survey,N/A,Spectrum and TransferFunction are frequency-domain XML types,docs/plans/2026-09-25-diaggui-xml-product-audit.md#product-claims-and-n-a-rationale
Spectrum/1:native:auto:TimeSeriesMatrix,Spectrum,1,native,auto,TimeSeriesMatrix,PSD; Y payload; float/float32 from subtype source survey,N/A,Spectrum and TransferFunction are frequency-domain XML types,docs/plans/2026-09-25-diaggui-xml-product-audit.md#product-claims-and-n-a-rationale
Spectrum/1:native:auto:FrequencySeries,Spectrum,1,native,auto,FrequencySeries,PSD; Y payload; float/float32 from subtype source survey,unverified,Auto identifier is present for this class but this subtype/backend auto-read combination lacks a direct positive assertion.,gwexpy/frequencyseries/io/dttxml.py:registration; docs/plans/2026-09-25-diaggui-xml-product-audit.md#registry-observations
Spectrum/1:native:auto:FrequencySeriesDict,Spectrum,1,native,auto,FrequencySeriesDict,PSD; Y payload; float/float32 from subtype source survey,unverified,Auto identifier is present for this class but this subtype/backend auto-read combination lacks a direct positive assertion.,gwexpy/frequencyseries/io/dttxml.py:registration; docs/plans/2026-09-25-diaggui-xml-product-audit.md#registry-observations
Spectrum/1:native:auto:FrequencySeriesMatrix,Spectrum,1,native,auto,FrequencySeriesMatrix,PSD; Y payload; float/float32 from subtype source survey,unverified,Auto identifier is present for this class but this subtype/backend auto-read combination lacks a direct positive assertion.,gwexpy/frequencyseries/io/dttxml.py:registration; docs/plans/2026-09-25-diaggui-xml-product-audit.md#registry-observations
Spectrum/1:fallback:normalize:-,Spectrum,1,fallback,normalize,-,PSD; Y payload; float/float32 from subtype source survey,unverified,This subtype was not run through a reader in a clean no-dttxml process; only Spectrum/2 CSD has a verified frequency-product fallback probe.,docs/plans/2026-09-25-diaggui-xml-product-audit.md#coverage-gaps
Spectrum/1:fallback:explicit:TimeSeries,Spectrum,1,fallback,explicit,TimeSeries,PSD; Y payload; float/float32 from subtype source survey,N/A,Spectrum and TransferFunction are frequency-domain XML types,docs/plans/2026-09-25-diaggui-xml-product-audit.md#product-claims-and-n-a-rationale
Spectrum/1:fallback:explicit:TimeSeriesDict,Spectrum,1,fallback,explicit,TimeSeriesDict,PSD; Y payload; float/float32 from subtype source survey,N/A,Spectrum and TransferFunction are frequency-domain XML types,docs/plans/2026-09-25-diaggui-xml-product-audit.md#product-claims-and-n-a-rationale
Spectrum/1:fallback:explicit:TimeSeriesMatrix,Spectrum,1,fallback,explicit,TimeSeriesMatrix,PSD; Y payload; float/float32 from subtype source survey,N/A,Spectrum and TransferFunction are frequency-domain XML types,docs/plans/2026-09-25-diaggui-xml-product-audit.md#product-claims-and-n-a-rationale
Spectrum/1:fallback:explicit:FrequencySeries,Spectrum,1,fallback,explicit,FrequencySeries,PSD; Y payload; float/float32 from subtype source survey,unverified,Frequency-product public reader behavior was not exercised in a clean no-dttxml environment for this class and surface.,docs/plans/2026-09-25-diaggui-xml-product-audit.md#coverage-gaps
Spectrum/1:fallback:explicit:FrequencySeriesDict,Spectrum,1,fallback,explicit,FrequencySeriesDict,PSD; Y payload; float/float32 from subtype source survey,unverified,Frequency-product public reader behavior was not exercised in a clean no-dttxml environment for this class and surface.,docs/plans/2026-09-25-diaggui-xml-product-audit.md#coverage-gaps
Spectrum/1:fallback:explicit:FrequencySeriesMatrix,Spectrum,1,fallback,explicit,FrequencySeriesMatrix,PSD; Y payload; float/float32 from subtype source survey,unverified,Frequency-product public reader behavior was not exercised in a clean no-dttxml environment for this class and surface.,docs/plans/2026-09-25-diaggui-xml-product-audit.md#coverage-gaps
Spectrum/1:fallback:auto:TimeSeries,Spectrum,1,fallback,auto,TimeSeries,PSD; Y payload; float/float32 from subtype source survey,N/A,Spectrum and TransferFunction are frequency-domain XML types,docs/plans/2026-09-25-diaggui-xml-product-audit.md#product-claims-and-n-a-rationale
Spectrum/1:fallback:auto:TimeSeriesDict,Spectrum,1,fallback,auto,TimeSeriesDict,PSD; Y payload; float/float32 from subtype source survey,N/A,Spectrum and TransferFunction are frequency-domain XML types,docs/plans/2026-09-25-diaggui-xml-product-audit.md#product-claims-and-n-a-rationale
Spectrum/1:fallback:auto:TimeSeriesMatrix,Spectrum,1,fallback,auto,TimeSeriesMatrix,PSD; Y payload; float/float32 from subtype source survey,N/A,Spectrum and TransferFunction are frequency-domain XML types,docs/plans/2026-09-25-diaggui-xml-product-audit.md#product-claims-and-n-a-rationale
Spectrum/1:fallback:auto:FrequencySeries,Spectrum,1,fallback,auto,FrequencySeries,PSD; Y payload; float/float32 from subtype source survey,unverified,Frequency-product public reader behavior was not exercised in a clean no-dttxml environment for this class and surface.,docs/plans/2026-09-25-diaggui-xml-product-audit.md#coverage-gaps
Spectrum/1:fallback:auto:FrequencySeriesDict,Spectrum,1,fallback,auto,FrequencySeriesDict,PSD; Y payload; float/float32 from subtype source survey,unverified,Frequency-product public reader behavior was not exercised in a clean no-dttxml environment for this class and surface.,docs/plans/2026-09-25-diaggui-xml-product-audit.md#coverage-gaps
Spectrum/1:fallback:auto:FrequencySeriesMatrix,Spectrum,1,fallback,auto,FrequencySeriesMatrix,PSD; Y payload; float/float32 from subtype source survey,unverified,Frequency-product public reader behavior was not exercised in a clean no-dttxml environment for this class and surface.,docs/plans/2026-09-25-diaggui-xml-product-audit.md#coverage-gaps
Spectrum/2:external:normalize:-,Spectrum,2,external,normalize,-,CSD; Y payload; floatComplex/complex64 from subtype source survey,verified,Installed dttxml normalization and decoded payload are covered by an existing verified fixture/test for this subtype.,tests/io/test_dttxml_issue726.py; tests/io/dttxml_audit/test_subtypes.py
Spectrum/2:external:explicit:TimeSeries,Spectrum,2,external,explicit,TimeSeries,CSD; Y payload; floatComplex/complex64 from subtype source survey,N/A,Spectrum and TransferFunction are frequency-domain XML types,docs/plans/2026-09-25-diaggui-xml-product-audit.md#product-claims-and-n-a-rationale
Spectrum/2:external:explicit:TimeSeriesDict,Spectrum,2,external,explicit,TimeSeriesDict,CSD; Y payload; floatComplex/complex64 from subtype source survey,N/A,Spectrum and TransferFunction are frequency-domain XML types,docs/plans/2026-09-25-diaggui-xml-product-audit.md#product-claims-and-n-a-rationale
Spectrum/2:external:explicit:TimeSeriesMatrix,Spectrum,2,external,explicit,TimeSeriesMatrix,CSD; Y payload; floatComplex/complex64 from subtype source survey,N/A,Spectrum and TransferFunction are frequency-domain XML types,docs/plans/2026-09-25-diaggui-xml-product-audit.md#product-claims-and-n-a-rationale
Spectrum/2:external:explicit:FrequencySeries,Spectrum,2,external,explicit,FrequencySeries,CSD; Y payload; floatComplex/complex64 from subtype source survey,unverified,This subtype/class/backend/surface combination has no direct integrated read assertion; subtype inventory evidence does not establish every return-type and metadata route.,tests/io/test_dttxml_issue726.py; docs/plans/2026-09-25-diaggui-xml-product-audit.md#coverage-gaps
Spectrum/2:external:explicit:FrequencySeriesDict,Spectrum,2,external,explicit,FrequencySeriesDict,CSD; Y payload; floatComplex/complex64 from subtype source survey,unverified,This subtype/class/backend/surface combination has no direct integrated read assertion; subtype inventory evidence does not establish every return-type and metadata route.,tests/io/test_dttxml_issue726.py; docs/plans/2026-09-25-diaggui-xml-product-audit.md#coverage-gaps
Spectrum/2:external:explicit:FrequencySeriesMatrix,Spectrum,2,external,explicit,FrequencySeriesMatrix,CSD; Y payload; floatComplex/complex64 from subtype source survey,verified,"This subtype/class/backend/surface has a positive integrated assertion for values, coordinates, pair direction, and applicable metadata.",tests/io/test_dttxml_issue726.py; tests/io/dttxml_audit/test_readers.py
Spectrum/2:external:auto:TimeSeries,Spectrum,2,external,auto,TimeSeries,CSD; Y payload; floatComplex/complex64 from subtype source survey,N/A,Spectrum and TransferFunction are frequency-domain XML types,docs/plans/2026-09-25-diaggui-xml-product-audit.md#product-claims-and-n-a-rationale
Spectrum/2:external:auto:TimeSeriesDict,Spectrum,2,external,auto,TimeSeriesDict,CSD; Y payload; floatComplex/complex64 from subtype source survey,N/A,Spectrum and TransferFunction are frequency-domain XML types,docs/plans/2026-09-25-diaggui-xml-product-audit.md#product-claims-and-n-a-rationale
Spectrum/2:external:auto:TimeSeriesMatrix,Spectrum,2,external,auto,TimeSeriesMatrix,CSD; Y payload; floatComplex/complex64 from subtype source survey,N/A,Spectrum and TransferFunction are frequency-domain XML types,docs/plans/2026-09-25-diaggui-xml-product-audit.md#product-claims-and-n-a-rationale
Spectrum/2:external:auto:FrequencySeries,Spectrum,2,external,auto,FrequencySeries,CSD; Y payload; floatComplex/complex64 from subtype source survey,unverified,Auto identifier is present for this class but this subtype/backend auto-read combination lacks a direct positive assertion.,gwexpy/frequencyseries/io/dttxml.py:registration; docs/plans/2026-09-25-diaggui-xml-product-audit.md#registry-observations
Spectrum/2:external:auto:FrequencySeriesDict,Spectrum,2,external,auto,FrequencySeriesDict,CSD; Y payload; floatComplex/complex64 from subtype source survey,unverified,Auto identifier is present for this class but this subtype/backend auto-read combination lacks a direct positive assertion.,gwexpy/frequencyseries/io/dttxml.py:registration; docs/plans/2026-09-25-diaggui-xml-product-audit.md#registry-observations
Spectrum/2:external:auto:FrequencySeriesMatrix,Spectrum,2,external,auto,FrequencySeriesMatrix,CSD; Y payload; floatComplex/complex64 from subtype source survey,verified,"This subtype/class/backend/surface has a positive integrated assertion for values, coordinates, pair direction, and applicable metadata.",tests/io/test_dttxml_issue726.py; tests/io/dttxml_audit/test_readers.py
Spectrum/2:native:normalize:-,Spectrum,2,native,normalize,-,CSD; Y payload; floatComplex/complex64 from subtype source survey,verified,Native normalized payload values and reader behavior are asserted by the integrated positive characterization.,tests/io/test_dttxml_issue726.py; tests/io/dttxml_audit/test_subtypes.py
Spectrum/2:native:explicit:TimeSeries,Spectrum,2,native,explicit,TimeSeries,CSD; Y payload; floatComplex/complex64 from subtype source survey,N/A,Spectrum and TransferFunction are frequency-domain XML types,docs/plans/2026-09-25-diaggui-xml-product-audit.md#product-claims-and-n-a-rationale
Spectrum/2:native:explicit:TimeSeriesDict,Spectrum,2,native,explicit,TimeSeriesDict,CSD; Y payload; floatComplex/complex64 from subtype source survey,N/A,Spectrum and TransferFunction are frequency-domain XML types,docs/plans/2026-09-25-diaggui-xml-product-audit.md#product-claims-and-n-a-rationale
Spectrum/2:native:explicit:TimeSeriesMatrix,Spectrum,2,native,explicit,TimeSeriesMatrix,CSD; Y payload; floatComplex/complex64 from subtype source survey,N/A,Spectrum and TransferFunction are frequency-domain XML types,docs/plans/2026-09-25-diaggui-xml-product-audit.md#product-claims-and-n-a-rationale
Spectrum/2:native:explicit:FrequencySeries,Spectrum,2,native,explicit,FrequencySeries,CSD; Y payload; floatComplex/complex64 from subtype source survey,unverified,This subtype/class/backend/surface combination has no direct integrated read assertion; subtype inventory evidence does not establish every return-type and metadata route.,tests/io/test_dttxml_issue726.py; docs/plans/2026-09-25-diaggui-xml-product-audit.md#coverage-gaps
Spectrum/2:native:explicit:FrequencySeriesDict,Spectrum,2,native,explicit,FrequencySeriesDict,CSD; Y payload; floatComplex/complex64 from subtype source survey,unverified,This subtype/class/backend/surface combination has no direct integrated read assertion; subtype inventory evidence does not establish every return-type and metadata route.,tests/io/test_dttxml_issue726.py; docs/plans/2026-09-25-diaggui-xml-product-audit.md#coverage-gaps
Spectrum/2:native:explicit:FrequencySeriesMatrix,Spectrum,2,native,explicit,FrequencySeriesMatrix,CSD; Y payload; floatComplex/complex64 from subtype source survey,verified,"This subtype/class/backend/surface has a positive integrated assertion for values, coordinates, pair direction, and applicable metadata.",tests/io/test_dttxml_issue726.py; tests/io/dttxml_audit/test_readers.py
Spectrum/2:native:auto:TimeSeries,Spectrum,2,native,auto,TimeSeries,CSD; Y payload; floatComplex/complex64 from subtype source survey,N/A,Spectrum and TransferFunction are frequency-domain XML types,docs/plans/2026-09-25-diaggui-xml-product-audit.md#product-claims-and-n-a-rationale
Spectrum/2:native:auto:TimeSeriesDict,Spectrum,2,native,auto,TimeSeriesDict,CSD; Y payload; floatComplex/complex64 from subtype source survey,N/A,Spectrum and TransferFunction are frequency-domain XML types,docs/plans/2026-09-25-diaggui-xml-product-audit.md#product-claims-and-n-a-rationale
Spectrum/2:native:auto:TimeSeriesMatrix,Spectrum,2,native,auto,TimeSeriesMatrix,CSD; Y payload; floatComplex/complex64 from subtype source survey,N/A,Spectrum and TransferFunction are frequency-domain XML types,docs/plans/2026-09-25-diaggui-xml-product-audit.md#product-claims-and-n-a-rationale
Spectrum/2:native:auto:FrequencySeries,Spectrum,2,native,auto,FrequencySeries,CSD; Y payload; floatComplex/complex64 from subtype source survey,unverified,Auto identifier is present for this class but this subtype/backend auto-read combination lacks a direct positive assertion.,gwexpy/frequencyseries/io/dttxml.py:registration; docs/plans/2026-09-25-diaggui-xml-product-audit.md#registry-observations
Spectrum/2:native:auto:FrequencySeriesDict,Spectrum,2,native,auto,FrequencySeriesDict,CSD; Y payload; floatComplex/complex64 from subtype source survey,unverified,Auto identifier is present for this class but this subtype/backend auto-read combination lacks a direct positive assertion.,gwexpy/frequencyseries/io/dttxml.py:registration; docs/plans/2026-09-25-diaggui-xml-product-audit.md#registry-observations
Spectrum/2:native:auto:FrequencySeriesMatrix,Spectrum,2,native,auto,FrequencySeriesMatrix,CSD; Y payload; floatComplex/complex64 from subtype source survey,verified,"This subtype/class/backend/surface has a positive integrated assertion for values, coordinates, pair direction, and applicable metadata.",tests/io/test_dttxml_issue726.py; tests/io/dttxml_audit/test_readers.py
Spectrum/2:fallback:normalize:-,Spectrum,2,fallback,normalize,-,CSD; Y payload; floatComplex/complex64 from subtype source survey,verified,"Clean Python 3.11.16 no-dttxml environment: default fallback reads this synthetic CSD into complex64 FrequencySeriesMatrix with phase, frequency axis, epoch, pair labels, for the stated format surface.",docs/plans/2026-09-25-diaggui-xml-product-audit.md#base-only-csd-fallback-probe
Spectrum/2:fallback:explicit:TimeSeries,Spectrum,2,fallback,explicit,TimeSeries,CSD; Y payload; floatComplex/complex64 from subtype source survey,N/A,Spectrum and TransferFunction are frequency-domain XML types,docs/plans/2026-09-25-diaggui-xml-product-audit.md#product-claims-and-n-a-rationale
Spectrum/2:fallback:explicit:TimeSeriesDict,Spectrum,2,fallback,explicit,TimeSeriesDict,CSD; Y payload; floatComplex/complex64 from subtype source survey,N/A,Spectrum and TransferFunction are frequency-domain XML types,docs/plans/2026-09-25-diaggui-xml-product-audit.md#product-claims-and-n-a-rationale
Spectrum/2:fallback:explicit:TimeSeriesMatrix,Spectrum,2,fallback,explicit,TimeSeriesMatrix,CSD; Y payload; floatComplex/complex64 from subtype source survey,N/A,Spectrum and TransferFunction are frequency-domain XML types,docs/plans/2026-09-25-diaggui-xml-product-audit.md#product-claims-and-n-a-rationale
Spectrum/2:fallback:explicit:FrequencySeries,Spectrum,2,fallback,explicit,FrequencySeries,CSD; Y payload; floatComplex/complex64 from subtype source survey,unverified,Frequency-product public reader behavior was not exercised in a clean no-dttxml environment for this class and surface.,docs/plans/2026-09-25-diaggui-xml-product-audit.md#coverage-gaps
Spectrum/2:fallback:explicit:FrequencySeriesDict,Spectrum,2,fallback,explicit,FrequencySeriesDict,CSD; Y payload; floatComplex/complex64 from subtype source survey,unverified,Frequency-product public reader behavior was not exercised in a clean no-dttxml environment for this class and surface.,docs/plans/2026-09-25-diaggui-xml-product-audit.md#coverage-gaps
Spectrum/2:fallback:explicit:FrequencySeriesMatrix,Spectrum,2,fallback,explicit,FrequencySeriesMatrix,CSD; Y payload; floatComplex/complex64 from subtype source survey,verified,"Clean Python 3.11.16 no-dttxml environment: default fallback reads this synthetic CSD into complex64 FrequencySeriesMatrix with phase, frequency axis, epoch, pair labels, for the stated format surface.",docs/plans/2026-09-25-diaggui-xml-product-audit.md#base-only-csd-fallback-probe
Spectrum/2:fallback:auto:TimeSeries,Spectrum,2,fallback,auto,TimeSeries,CSD; Y payload; floatComplex/complex64 from subtype source survey,N/A,Spectrum and TransferFunction are frequency-domain XML types,docs/plans/2026-09-25-diaggui-xml-product-audit.md#product-claims-and-n-a-rationale
Spectrum/2:fallback:auto:TimeSeriesDict,Spectrum,2,fallback,auto,TimeSeriesDict,CSD; Y payload; floatComplex/complex64 from subtype source survey,N/A,Spectrum and TransferFunction are frequency-domain XML types,docs/plans/2026-09-25-diaggui-xml-product-audit.md#product-claims-and-n-a-rationale
Spectrum/2:fallback:auto:TimeSeriesMatrix,Spectrum,2,fallback,auto,TimeSeriesMatrix,CSD; Y payload; floatComplex/complex64 from subtype source survey,N/A,Spectrum and TransferFunction are frequency-domain XML types,docs/plans/2026-09-25-diaggui-xml-product-audit.md#product-claims-and-n-a-rationale
Spectrum/2:fallback:auto:FrequencySeries,Spectrum,2,fallback,auto,FrequencySeries,CSD; Y payload; floatComplex/complex64 from subtype source survey,unverified,Frequency-product public reader behavior was not exercised in a clean no-dttxml environment for this class and surface.,docs/plans/2026-09-25-diaggui-xml-product-audit.md#coverage-gaps
Spectrum/2:fallback:auto:FrequencySeriesDict,Spectrum,2,fallback,auto,FrequencySeriesDict,CSD; Y payload; floatComplex/complex64 from subtype source survey,unverified,Frequency-product public reader behavior was not exercised in a clean no-dttxml environment for this class and surface.,docs/plans/2026-09-25-diaggui-xml-product-audit.md#coverage-gaps
Spectrum/2:fallback:auto:FrequencySeriesMatrix,Spectrum,2,fallback,auto,FrequencySeriesMatrix,CSD; Y payload; floatComplex/complex64 from subtype source survey,verified,"Clean Python 3.11.16 no-dttxml environment: default fallback reads this synthetic CSD into complex64 FrequencySeriesMatrix with phase, frequency axis, epoch, pair labels, for the stated format surface.",docs/plans/2026-09-25-diaggui-xml-product-audit.md#base-only-csd-fallback-probe
Spectrum/3:external:normalize:-,Spectrum,3,external,normalize,-,COH; Y payload; float/float32 from subtype source survey,verified,Installed dttxml normalization and decoded payload are covered by an existing verified fixture/test for this subtype.,tests/io/test_dttxml_issue726.py; tests/io/dttxml_audit/test_subtypes.py
Spectrum/3:external:explicit:TimeSeries,Spectrum,3,external,explicit,TimeSeries,COH; Y payload; float/float32 from subtype source survey,N/A,Spectrum and TransferFunction are frequency-domain XML types,docs/plans/2026-09-25-diaggui-xml-product-audit.md#product-claims-and-n-a-rationale
Spectrum/3:external:explicit:TimeSeriesDict,Spectrum,3,external,explicit,TimeSeriesDict,COH; Y payload; float/float32 from subtype source survey,N/A,Spectrum and TransferFunction are frequency-domain XML types,docs/plans/2026-09-25-diaggui-xml-product-audit.md#product-claims-and-n-a-rationale
Spectrum/3:external:explicit:TimeSeriesMatrix,Spectrum,3,external,explicit,TimeSeriesMatrix,COH; Y payload; float/float32 from subtype source survey,N/A,Spectrum and TransferFunction are frequency-domain XML types,docs/plans/2026-09-25-diaggui-xml-product-audit.md#product-claims-and-n-a-rationale
Spectrum/3:external:explicit:FrequencySeries,Spectrum,3,external,explicit,FrequencySeries,COH; Y payload; float/float32 from subtype source survey,unverified,This subtype/class/backend/surface combination has no direct integrated read assertion; subtype inventory evidence does not establish every return-type and metadata route.,tests/io/test_dttxml_issue726.py; docs/plans/2026-09-25-diaggui-xml-product-audit.md#coverage-gaps
Spectrum/3:external:explicit:FrequencySeriesDict,Spectrum,3,external,explicit,FrequencySeriesDict,COH; Y payload; float/float32 from subtype source survey,unverified,This subtype/class/backend/surface combination has no direct integrated read assertion; subtype inventory evidence does not establish every return-type and metadata route.,tests/io/test_dttxml_issue726.py; docs/plans/2026-09-25-diaggui-xml-product-audit.md#coverage-gaps
Spectrum/3:external:explicit:FrequencySeriesMatrix,Spectrum,3,external,explicit,FrequencySeriesMatrix,COH; Y payload; float/float32 from subtype source survey,unverified,This subtype/class/backend/surface combination has no direct integrated read assertion; subtype inventory evidence does not establish every return-type and metadata route.,tests/io/test_dttxml_issue726.py; docs/plans/2026-09-25-diaggui-xml-product-audit.md#coverage-gaps
Spectrum/3:external:auto:TimeSeries,Spectrum,3,external,auto,TimeSeries,COH; Y payload; float/float32 from subtype source survey,N/A,Spectrum and TransferFunction are frequency-domain XML types,docs/plans/2026-09-25-diaggui-xml-product-audit.md#product-claims-and-n-a-rationale
Spectrum/3:external:auto:TimeSeriesDict,Spectrum,3,external,auto,TimeSeriesDict,COH; Y payload; float/float32 from subtype source survey,N/A,Spectrum and TransferFunction are frequency-domain XML types,docs/plans/2026-09-25-diaggui-xml-product-audit.md#product-claims-and-n-a-rationale
Spectrum/3:external:auto:TimeSeriesMatrix,Spectrum,3,external,auto,TimeSeriesMatrix,COH; Y payload; float/float32 from subtype source survey,N/A,Spectrum and TransferFunction are frequency-domain XML types,docs/plans/2026-09-25-diaggui-xml-product-audit.md#product-claims-and-n-a-rationale
Spectrum/3:external:auto:FrequencySeries,Spectrum,3,external,auto,FrequencySeries,COH; Y payload; float/float32 from subtype source survey,unverified,Auto identifier is present for this class but this subtype/backend auto-read combination lacks a direct positive assertion.,gwexpy/frequencyseries/io/dttxml.py:registration; docs/plans/2026-09-25-diaggui-xml-product-audit.md#registry-observations
Spectrum/3:external:auto:FrequencySeriesDict,Spectrum,3,external,auto,FrequencySeriesDict,COH; Y payload; float/float32 from subtype source survey,unverified,Auto identifier is present for this class but this subtype/backend auto-read combination lacks a direct positive assertion.,gwexpy/frequencyseries/io/dttxml.py:registration; docs/plans/2026-09-25-diaggui-xml-product-audit.md#registry-observations
Spectrum/3:external:auto:FrequencySeriesMatrix,Spectrum,3,external,auto,FrequencySeriesMatrix,COH; Y payload; float/float32 from subtype source survey,unverified,Auto identifier is present for this class but this subtype/backend auto-read combination lacks a direct positive assertion.,gwexpy/frequencyseries/io/dttxml.py:registration; docs/plans/2026-09-25-diaggui-xml-product-audit.md#registry-observations
Spectrum/3:native:normalize:-,Spectrum,3,native,normalize,-,COH; Y payload; float/float32 from subtype source survey,verified,Native normalized payload values and reader behavior are asserted by the integrated positive characterization.,tests/io/test_dttxml_issue726.py; tests/io/dttxml_audit/test_subtypes.py
Spectrum/3:native:explicit:TimeSeries,Spectrum,3,native,explicit,TimeSeries,COH; Y payload; float/float32 from subtype source survey,N/A,Spectrum and TransferFunction are frequency-domain XML types,docs/plans/2026-09-25-diaggui-xml-product-audit.md#product-claims-and-n-a-rationale
Spectrum/3:native:explicit:TimeSeriesDict,Spectrum,3,native,explicit,TimeSeriesDict,COH; Y payload; float/float32 from subtype source survey,N/A,Spectrum and TransferFunction are frequency-domain XML types,docs/plans/2026-09-25-diaggui-xml-product-audit.md#product-claims-and-n-a-rationale
Spectrum/3:native:explicit:TimeSeriesMatrix,Spectrum,3,native,explicit,TimeSeriesMatrix,COH; Y payload; float/float32 from subtype source survey,N/A,Spectrum and TransferFunction are frequency-domain XML types,docs/plans/2026-09-25-diaggui-xml-product-audit.md#product-claims-and-n-a-rationale
Spectrum/3:native:explicit:FrequencySeries,Spectrum,3,native,explicit,FrequencySeries,COH; Y payload; float/float32 from subtype source survey,unverified,This subtype/class/backend/surface combination has no direct integrated read assertion; subtype inventory evidence does not establish every return-type and metadata route.,tests/io/test_dttxml_issue726.py; docs/plans/2026-09-25-diaggui-xml-product-audit.md#coverage-gaps
Spectrum/3:native:explicit:FrequencySeriesDict,Spectrum,3,native,explicit,FrequencySeriesDict,COH; Y payload; float/float32 from subtype source survey,unverified,This subtype/class/backend/surface combination has no direct integrated read assertion; subtype inventory evidence does not establish every return-type and metadata route.,tests/io/test_dttxml_issue726.py; docs/plans/2026-09-25-diaggui-xml-product-audit.md#coverage-gaps
Spectrum/3:native:explicit:FrequencySeriesMatrix,Spectrum,3,native,explicit,FrequencySeriesMatrix,COH; Y payload; float/float32 from subtype source survey,unverified,This subtype/class/backend/surface combination has no direct integrated read assertion; subtype inventory evidence does not establish every return-type and metadata route.,tests/io/test_dttxml_issue726.py; docs/plans/2026-09-25-diaggui-xml-product-audit.md#coverage-gaps
Spectrum/3:native:auto:TimeSeries,Spectrum,3,native,auto,TimeSeries,COH; Y payload; float/float32 from subtype source survey,N/A,Spectrum and TransferFunction are frequency-domain XML types,docs/plans/2026-09-25-diaggui-xml-product-audit.md#product-claims-and-n-a-rationale
Spectrum/3:native:auto:TimeSeriesDict,Spectrum,3,native,auto,TimeSeriesDict,COH; Y payload; float/float32 from subtype source survey,N/A,Spectrum and TransferFunction are frequency-domain XML types,docs/plans/2026-09-25-diaggui-xml-product-audit.md#product-claims-and-n-a-rationale
Spectrum/3:native:auto:TimeSeriesMatrix,Spectrum,3,native,auto,TimeSeriesMatrix,COH; Y payload; float/float32 from subtype source survey,N/A,Spectrum and TransferFunction are frequency-domain XML types,docs/plans/2026-09-25-diaggui-xml-product-audit.md#product-claims-and-n-a-rationale
Spectrum/3:native:auto:FrequencySeries,Spectrum,3,native,auto,FrequencySeries,COH; Y payload; float/float32 from subtype source survey,unverified,Auto identifier is present for this class but this subtype/backend auto-read combination lacks a direct positive assertion.,gwexpy/frequencyseries/io/dttxml.py:registration; docs/plans/2026-09-25-diaggui-xml-product-audit.md#registry-observations
Spectrum/3:native:auto:FrequencySeriesDict,Spectrum,3,native,auto,FrequencySeriesDict,COH; Y payload; float/float32 from subtype source survey,unverified,Auto identifier is present for this class but this subtype/backend auto-read combination lacks a direct positive assertion.,gwexpy/frequencyseries/io/dttxml.py:registration; docs/plans/2026-09-25-diaggui-xml-product-audit.md#registry-observations
Spectrum/3:native:auto:FrequencySeriesMatrix,Spectrum,3,native,auto,FrequencySeriesMatrix,COH; Y payload; float/float32 from subtype source survey,unverified,Auto identifier is present for this class but this subtype/backend auto-read combination lacks a direct positive assertion.,gwexpy/frequencyseries/io/dttxml.py:registration; docs/plans/2026-09-25-diaggui-xml-product-audit.md#registry-observations
Spectrum/3:fallback:normalize:-,Spectrum,3,fallback,normalize,-,COH; Y payload; float/float32 from subtype source survey,unverified,This subtype was not run through a reader in a clean no-dttxml process; only Spectrum/2 CSD has a verified frequency-product fallback probe.,docs/plans/2026-09-25-diaggui-xml-product-audit.md#coverage-gaps
Spectrum/3:fallback:explicit:TimeSeries,Spectrum,3,fallback,explicit,TimeSeries,COH; Y payload; float/float32 from subtype source survey,N/A,Spectrum and TransferFunction are frequency-domain XML types,docs/plans/2026-09-25-diaggui-xml-product-audit.md#product-claims-and-n-a-rationale
Spectrum/3:fallback:explicit:TimeSeriesDict,Spectrum,3,fallback,explicit,TimeSeriesDict,COH; Y payload; float/float32 from subtype source survey,N/A,Spectrum and TransferFunction are frequency-domain XML types,docs/plans/2026-09-25-diaggui-xml-product-audit.md#product-claims-and-n-a-rationale
Spectrum/3:fallback:explicit:TimeSeriesMatrix,Spectrum,3,fallback,explicit,TimeSeriesMatrix,COH; Y payload; float/float32 from subtype source survey,N/A,Spectrum and TransferFunction are frequency-domain XML types,docs/plans/2026-09-25-diaggui-xml-product-audit.md#product-claims-and-n-a-rationale
Spectrum/3:fallback:explicit:FrequencySeries,Spectrum,3,fallback,explicit,FrequencySeries,COH; Y payload; float/float32 from subtype source survey,unverified,Frequency-product public reader behavior was not exercised in a clean no-dttxml environment for this class and surface.,docs/plans/2026-09-25-diaggui-xml-product-audit.md#coverage-gaps
Spectrum/3:fallback:explicit:FrequencySeriesDict,Spectrum,3,fallback,explicit,FrequencySeriesDict,COH; Y payload; float/float32 from subtype source survey,unverified,Frequency-product public reader behavior was not exercised in a clean no-dttxml environment for this class and surface.,docs/plans/2026-09-25-diaggui-xml-product-audit.md#coverage-gaps
Spectrum/3:fallback:explicit:FrequencySeriesMatrix,Spectrum,3,fallback,explicit,FrequencySeriesMatrix,COH; Y payload; float/float32 from subtype source survey,unverified,Frequency-product public reader behavior was not exercised in a clean no-dttxml environment for this class and surface.,docs/plans/2026-09-25-diaggui-xml-product-audit.md#coverage-gaps
Spectrum/3:fallback:auto:TimeSeries,Spectrum,3,fallback,auto,TimeSeries,COH; Y payload; float/float32 from subtype source survey,N/A,Spectrum and TransferFunction are frequency-domain XML types,docs/plans/2026-09-25-diaggui-xml-product-audit.md#product-claims-and-n-a-rationale
Spectrum/3:fallback:auto:TimeSeriesDict,Spectrum,3,fallback,auto,TimeSeriesDict,COH; Y payload; float/float32 from subtype source survey,N/A,Spectrum and TransferFunction are frequency-domain XML types,docs/plans/2026-09-25-diaggui-xml-product-audit.md#product-claims-and-n-a-rationale
Spectrum/3:fallback:auto:TimeSeriesMatrix,Spectrum,3,fallback,auto,TimeSeriesMatrix,COH; Y payload; float/float32 from subtype source survey,N/A,Spectrum and TransferFunction are frequency-domain XML types,docs/plans/2026-09-25-diaggui-xml-product-audit.md#product-claims-and-n-a-rationale
Spectrum/3:fallback:auto:FrequencySeries,Spectrum,3,fallback,auto,FrequencySeries,COH; Y payload; float/float32 from subtype source survey,unverified,Frequency-product public reader behavior was not exercised in a clean no-dttxml environment for this class and surface.,docs/plans/2026-09-25-diaggui-xml-product-audit.md#coverage-gaps
Spectrum/3:fallback:auto:FrequencySeriesDict,Spectrum,3,fallback,auto,FrequencySeriesDict,COH; Y payload; float/float32 from subtype source survey,unverified,Frequency-product public reader behavior was not exercised in a clean no-dttxml environment for this class and surface.,docs/plans/2026-09-25-diaggui-xml-product-audit.md#coverage-gaps
Spectrum/3:fallback:auto:FrequencySeriesMatrix,Spectrum,3,fallback,auto,FrequencySeriesMatrix,COH; Y payload; float/float32 from subtype source survey,unverified,Frequency-product public reader behavior was not exercised in a clean no-dttxml environment for this class and surface.,docs/plans/2026-09-25-diaggui-xml-product-audit.md#coverage-gaps
Spectrum/4:external:normalize:-,Spectrum,4,external,normalize,-,"FFT; embedded (f,Y) payload; complex64 samples from subtype source survey",observed,"Installed dttxml decodes FFT with embedded (f,Y), but GWexpy normalizer omits FFT; observed product gap for this surveyed layout.",docs/plans/2026-09-25-diaggui-xml-product-audit.md#subtype-survey; tests/io/test_dttxml_issue726.py
Spectrum/4:external:explicit:TimeSeries,Spectrum,4,external,explicit,TimeSeries,"FFT; embedded (f,Y) payload; complex64 samples from subtype source survey",N/A,Spectrum and TransferFunction are frequency-domain XML types,docs/plans/2026-09-25-diaggui-xml-product-audit.md#product-claims-and-n-a-rationale
Spectrum/4:external:explicit:TimeSeriesDict,Spectrum,4,external,explicit,TimeSeriesDict,"FFT; embedded (f,Y) payload; complex64 samples from subtype source survey",N/A,Spectrum and TransferFunction are frequency-domain XML types,docs/plans/2026-09-25-diaggui-xml-product-audit.md#product-claims-and-n-a-rationale
Spectrum/4:external:explicit:TimeSeriesMatrix,Spectrum,4,external,explicit,TimeSeriesMatrix,"FFT; embedded (f,Y) payload; complex64 samples from subtype source survey",N/A,Spectrum and TransferFunction are frequency-domain XML types,docs/plans/2026-09-25-diaggui-xml-product-audit.md#product-claims-and-n-a-rationale
Spectrum/4:external:explicit:FrequencySeries,Spectrum,4,external,explicit,FrequencySeries,"FFT; embedded (f,Y) payload; complex64 samples from subtype source survey",unverified,This subtype/class/backend/surface combination has no direct integrated read assertion; subtype inventory evidence does not establish every return-type and metadata route.,tests/io/test_dttxml_issue726.py; docs/plans/2026-09-25-diaggui-xml-product-audit.md#coverage-gaps
Spectrum/4:external:explicit:FrequencySeriesDict,Spectrum,4,external,explicit,FrequencySeriesDict,"FFT; embedded (f,Y) payload; complex64 samples from subtype source survey",unverified,This subtype/class/backend/surface combination has no direct integrated read assertion; subtype inventory evidence does not establish every return-type and metadata route.,tests/io/test_dttxml_issue726.py; docs/plans/2026-09-25-diaggui-xml-product-audit.md#coverage-gaps
Spectrum/4:external:explicit:FrequencySeriesMatrix,Spectrum,4,external,explicit,FrequencySeriesMatrix,"FFT; embedded (f,Y) payload; complex64 samples from subtype source survey",unverified,This subtype/class/backend/surface combination has no direct integrated read assertion; subtype inventory evidence does not establish every return-type and metadata route.,tests/io/test_dttxml_issue726.py; docs/plans/2026-09-25-diaggui-xml-product-audit.md#coverage-gaps
Spectrum/4:external:auto:TimeSeries,Spectrum,4,external,auto,TimeSeries,"FFT; embedded (f,Y) payload; complex64 samples from subtype source survey",N/A,Spectrum and TransferFunction are frequency-domain XML types,docs/plans/2026-09-25-diaggui-xml-product-audit.md#product-claims-and-n-a-rationale
Spectrum/4:external:auto:TimeSeriesDict,Spectrum,4,external,auto,TimeSeriesDict,"FFT; embedded (f,Y) payload; complex64 samples from subtype source survey",N/A,Spectrum and TransferFunction are frequency-domain XML types,docs/plans/2026-09-25-diaggui-xml-product-audit.md#product-claims-and-n-a-rationale
Spectrum/4:external:auto:TimeSeriesMatrix,Spectrum,4,external,auto,TimeSeriesMatrix,"FFT; embedded (f,Y) payload; complex64 samples from subtype source survey",N/A,Spectrum and TransferFunction are frequency-domain XML types,docs/plans/2026-09-25-diaggui-xml-product-audit.md#product-claims-and-n-a-rationale
Spectrum/4:external:auto:FrequencySeries,Spectrum,4,external,auto,FrequencySeries,"FFT; embedded (f,Y) payload; complex64 samples from subtype source survey",unverified,Auto identifier is present for this class but this subtype/backend auto-read combination lacks a direct positive assertion.,gwexpy/frequencyseries/io/dttxml.py:registration; docs/plans/2026-09-25-diaggui-xml-product-audit.md#registry-observations
Spectrum/4:external:auto:FrequencySeriesDict,Spectrum,4,external,auto,FrequencySeriesDict,"FFT; embedded (f,Y) payload; complex64 samples from subtype source survey",unverified,Auto identifier is present for this class but this subtype/backend auto-read combination lacks a direct positive assertion.,gwexpy/frequencyseries/io/dttxml.py:registration; docs/plans/2026-09-25-diaggui-xml-product-audit.md#registry-observations
Spectrum/4:external:auto:FrequencySeriesMatrix,Spectrum,4,external,auto,FrequencySeriesMatrix,"FFT; embedded (f,Y) payload; complex64 samples from subtype source survey",unverified,Auto identifier is present for this class but this subtype/backend auto-read combination lacks a direct positive assertion.,gwexpy/frequencyseries/io/dttxml.py:registration; docs/plans/2026-09-25-diaggui-xml-product-audit.md#registry-observations
Spectrum/4:native:normalize:-,Spectrum,4,native,normalize,-,"FFT; embedded (f,Y) payload; complex64 samples from subtype source survey",observed,Native Spectrum dispatch has no entry for this subtype; this is an observed implementation limit for the surveyed source-backed layout.,gwexpy/io/dttxml_common.py::load_dttxml_native; docs/plans/2026-09-25-diaggui-xml-product-audit.md#subtype-survey
Spectrum/4:native:explicit:TimeSeries,Spectrum,4,native,explicit,TimeSeries,"FFT; embedded (f,Y) payload; complex64 samples from subtype source survey",N/A,Spectrum and TransferFunction are frequency-domain XML types,docs/plans/2026-09-25-diaggui-xml-product-audit.md#product-claims-and-n-a-rationale
Spectrum/4:native:explicit:TimeSeriesDict,Spectrum,4,native,explicit,TimeSeriesDict,"FFT; embedded (f,Y) payload; complex64 samples from subtype source survey",N/A,Spectrum and TransferFunction are frequency-domain XML types,docs/plans/2026-09-25-diaggui-xml-product-audit.md#product-claims-and-n-a-rationale
Spectrum/4:native:explicit:TimeSeriesMatrix,Spectrum,4,native,explicit,TimeSeriesMatrix,"FFT; embedded (f,Y) payload; complex64 samples from subtype source survey",N/A,Spectrum and TransferFunction are frequency-domain XML types,docs/plans/2026-09-25-diaggui-xml-product-audit.md#product-claims-and-n-a-rationale
Spectrum/4:native:explicit:FrequencySeries,Spectrum,4,native,explicit,FrequencySeries,"FFT; embedded (f,Y) payload; complex64 samples from subtype source survey",unverified,This subtype/class/backend/surface combination has no direct integrated read assertion; subtype inventory evidence does not establish every return-type and metadata route.,tests/io/test_dttxml_issue726.py; docs/plans/2026-09-25-diaggui-xml-product-audit.md#coverage-gaps
Spectrum/4:native:explicit:FrequencySeriesDict,Spectrum,4,native,explicit,FrequencySeriesDict,"FFT; embedded (f,Y) payload; complex64 samples from subtype source survey",unverified,This subtype/class/backend/surface combination has no direct integrated read assertion; subtype inventory evidence does not establish every return-type and metadata route.,tests/io/test_dttxml_issue726.py; docs/plans/2026-09-25-diaggui-xml-product-audit.md#coverage-gaps
Spectrum/4:native:explicit:FrequencySeriesMatrix,Spectrum,4,native,explicit,FrequencySeriesMatrix,"FFT; embedded (f,Y) payload; complex64 samples from subtype source survey",unverified,This subtype/class/backend/surface combination has no direct integrated read assertion; subtype inventory evidence does not establish every return-type and metadata route.,tests/io/test_dttxml_issue726.py; docs/plans/2026-09-25-diaggui-xml-product-audit.md#coverage-gaps
Spectrum/4:native:auto:TimeSeries,Spectrum,4,native,auto,TimeSeries,"FFT; embedded (f,Y) payload; complex64 samples from subtype source survey",N/A,Spectrum and TransferFunction are frequency-domain XML types,docs/plans/2026-09-25-diaggui-xml-product-audit.md#product-claims-and-n-a-rationale
Spectrum/4:native:auto:TimeSeriesDict,Spectrum,4,native,auto,TimeSeriesDict,"FFT; embedded (f,Y) payload; complex64 samples from subtype source survey",N/A,Spectrum and TransferFunction are frequency-domain XML types,docs/plans/2026-09-25-diaggui-xml-product-audit.md#product-claims-and-n-a-rationale
Spectrum/4:native:auto:TimeSeriesMatrix,Spectrum,4,native,auto,TimeSeriesMatrix,"FFT; embedded (f,Y) payload; complex64 samples from subtype source survey",N/A,Spectrum and TransferFunction are frequency-domain XML types,docs/plans/2026-09-25-diaggui-xml-product-audit.md#product-claims-and-n-a-rationale
Spectrum/4:native:auto:FrequencySeries,Spectrum,4,native,auto,FrequencySeries,"FFT; embedded (f,Y) payload; complex64 samples from subtype source survey",unverified,Auto identifier is present for this class but this subtype/backend auto-read combination lacks a direct positive assertion.,gwexpy/frequencyseries/io/dttxml.py:registration; docs/plans/2026-09-25-diaggui-xml-product-audit.md#registry-observations
Spectrum/4:native:auto:FrequencySeriesDict,Spectrum,4,native,auto,FrequencySeriesDict,"FFT; embedded (f,Y) payload; complex64 samples from subtype source survey",unverified,Auto identifier is present for this class but this subtype/backend auto-read combination lacks a direct positive assertion.,gwexpy/frequencyseries/io/dttxml.py:registration; docs/plans/2026-09-25-diaggui-xml-product-audit.md#registry-observations
Spectrum/4:native:auto:FrequencySeriesMatrix,Spectrum,4,native,auto,FrequencySeriesMatrix,"FFT; embedded (f,Y) payload; complex64 samples from subtype source survey",unverified,Auto identifier is present for this class but this subtype/backend auto-read combination lacks a direct positive assertion.,gwexpy/frequencyseries/io/dttxml.py:registration; docs/plans/2026-09-25-diaggui-xml-product-audit.md#registry-observations
Spectrum/4:fallback:normalize:-,Spectrum,4,fallback,normalize,-,"FFT; embedded (f,Y) payload; complex64 samples from subtype source survey",unverified,This subtype was not run through a reader in a clean no-dttxml process; only Spectrum/2 CSD has a verified frequency-product fallback probe.,docs/plans/2026-09-25-diaggui-xml-product-audit.md#coverage-gaps
Spectrum/4:fallback:explicit:TimeSeries,Spectrum,4,fallback,explicit,TimeSeries,"FFT; embedded (f,Y) payload; complex64 samples from subtype source survey",N/A,Spectrum and TransferFunction are frequency-domain XML types,docs/plans/2026-09-25-diaggui-xml-product-audit.md#product-claims-and-n-a-rationale
Spectrum/4:fallback:explicit:TimeSeriesDict,Spectrum,4,fallback,explicit,TimeSeriesDict,"FFT; embedded (f,Y) payload; complex64 samples from subtype source survey",N/A,Spectrum and TransferFunction are frequency-domain XML types,docs/plans/2026-09-25-diaggui-xml-product-audit.md#product-claims-and-n-a-rationale
Spectrum/4:fallback:explicit:TimeSeriesMatrix,Spectrum,4,fallback,explicit,TimeSeriesMatrix,"FFT; embedded (f,Y) payload; complex64 samples from subtype source survey",N/A,Spectrum and TransferFunction are frequency-domain XML types,docs/plans/2026-09-25-diaggui-xml-product-audit.md#product-claims-and-n-a-rationale
Spectrum/4:fallback:explicit:FrequencySeries,Spectrum,4,fallback,explicit,FrequencySeries,"FFT; embedded (f,Y) payload; complex64 samples from subtype source survey",unverified,Frequency-product public reader behavior was not exercised in a clean no-dttxml environment for this class and surface.,docs/plans/2026-09-25-diaggui-xml-product-audit.md#coverage-gaps
Spectrum/4:fallback:explicit:FrequencySeriesDict,Spectrum,4,fallback,explicit,FrequencySeriesDict,"FFT; embedded (f,Y) payload; complex64 samples from subtype source survey",unverified,Frequency-product public reader behavior was not exercised in a clean no-dttxml environment for this class and surface.,docs/plans/2026-09-25-diaggui-xml-product-audit.md#coverage-gaps
Spectrum/4:fallback:explicit:FrequencySeriesMatrix,Spectrum,4,fallback,explicit,FrequencySeriesMatrix,"FFT; embedded (f,Y) payload; complex64 samples from subtype source survey",unverified,Frequency-product public reader behavior was not exercised in a clean no-dttxml environment for this class and surface.,docs/plans/2026-09-25-diaggui-xml-product-audit.md#coverage-gaps
Spectrum/4:fallback:auto:TimeSeries,Spectrum,4,fallback,auto,TimeSeries,"FFT; embedded (f,Y) payload; complex64 samples from subtype source survey",N/A,Spectrum and TransferFunction are frequency-domain XML types,docs/plans/2026-09-25-diaggui-xml-product-audit.md#product-claims-and-n-a-rationale
Spectrum/4:fallback:auto:TimeSeriesDict,Spectrum,4,fallback,auto,TimeSeriesDict,"FFT; embedded (f,Y) payload; complex64 samples from subtype source survey",N/A,Spectrum and TransferFunction are frequency-domain XML types,docs/plans/2026-09-25-diaggui-xml-product-audit.md#product-claims-and-n-a-rationale
Spectrum/4:fallback:auto:TimeSeriesMatrix,Spectrum,4,fallback,auto,TimeSeriesMatrix,"FFT; embedded (f,Y) payload; complex64 samples from subtype source survey",N/A,Spectrum and TransferFunction are frequency-domain XML types,docs/plans/2026-09-25-diaggui-xml-product-audit.md#product-claims-and-n-a-rationale
Spectrum/4:fallback:auto:FrequencySeries,Spectrum,4,fallback,auto,FrequencySeries,"FFT; embedded (f,Y) payload; complex64 samples from subtype source survey",unverified,Frequency-product public reader behavior was not exercised in a clean no-dttxml environment for this class and surface.,docs/plans/2026-09-25-diaggui-xml-product-audit.md#coverage-gaps
Spectrum/4:fallback:auto:FrequencySeriesDict,Spectrum,4,fallback,auto,FrequencySeriesDict,"FFT; embedded (f,Y) payload; complex64 samples from subtype source survey",unverified,Frequency-product public reader behavior was not exercised in a clean no-dttxml environment for this class and surface.,docs/plans/2026-09-25-diaggui-xml-product-audit.md#coverage-gaps
Spectrum/4:fallback:auto:FrequencySeriesMatrix,Spectrum,4,fallback,auto,FrequencySeriesMatrix,"FFT; embedded (f,Y) payload; complex64 samples from subtype source survey",unverified,Frequency-product public reader behavior was not exercised in a clean no-dttxml environment for this class and surface.,docs/plans/2026-09-25-diaggui-xml-product-audit.md#coverage-gaps
Spectrum/5:external:normalize:-,Spectrum,5,external,normalize,-,"PSD; embedded (f,Y) payload; float32 samples from subtype source survey",observed,"Installed dttxml decodes embedded-frequency PSD and GWexpy source maps PSD into PSD and ASD aliases; surveyed layout only, without an integrated public reader assertion.",docs/plans/2026-09-25-diaggui-xml-product-audit.md#subtype-survey; tests/io/test_dttxml_issue726.py
Spectrum/5:external:explicit:TimeSeries,Spectrum,5,external,explicit,TimeSeries,"PSD; embedded (f,Y) payload; float32 samples from subtype source survey",N/A,Spectrum and TransferFunction are frequency-domain XML types,docs/plans/2026-09-25-diaggui-xml-product-audit.md#product-claims-and-n-a-rationale
Spectrum/5:external:explicit:TimeSeriesDict,Spectrum,5,external,explicit,TimeSeriesDict,"PSD; embedded (f,Y) payload; float32 samples from subtype source survey",N/A,Spectrum and TransferFunction are frequency-domain XML types,docs/plans/2026-09-25-diaggui-xml-product-audit.md#product-claims-and-n-a-rationale
Spectrum/5:external:explicit:TimeSeriesMatrix,Spectrum,5,external,explicit,TimeSeriesMatrix,"PSD; embedded (f,Y) payload; float32 samples from subtype source survey",N/A,Spectrum and TransferFunction are frequency-domain XML types,docs/plans/2026-09-25-diaggui-xml-product-audit.md#product-claims-and-n-a-rationale
Spectrum/5:external:explicit:FrequencySeries,Spectrum,5,external,explicit,FrequencySeries,"PSD; embedded (f,Y) payload; float32 samples from subtype source survey",unverified,This subtype/class/backend/surface combination has no direct integrated read assertion; subtype inventory evidence does not establish every return-type and metadata route.,tests/io/test_dttxml_issue726.py; docs/plans/2026-09-25-diaggui-xml-product-audit.md#coverage-gaps
Spectrum/5:external:explicit:FrequencySeriesDict,Spectrum,5,external,explicit,FrequencySeriesDict,"PSD; embedded (f,Y) payload; float32 samples from subtype source survey",unverified,This subtype/class/backend/surface combination has no direct integrated read assertion; subtype inventory evidence does not establish every return-type and metadata route.,tests/io/test_dttxml_issue726.py; docs/plans/2026-09-25-diaggui-xml-product-audit.md#coverage-gaps
Spectrum/5:external:explicit:FrequencySeriesMatrix,Spectrum,5,external,explicit,FrequencySeriesMatrix,"PSD; embedded (f,Y) payload; float32 samples from subtype source survey",unverified,This subtype/class/backend/surface combination has no direct integrated read assertion; subtype inventory evidence does not establish every return-type and metadata route.,tests/io/test_dttxml_issue726.py; docs/plans/2026-09-25-diaggui-xml-product-audit.md#coverage-gaps
Spectrum/5:external:auto:TimeSeries,Spectrum,5,external,auto,TimeSeries,"PSD; embedded (f,Y) payload; float32 samples from subtype source survey",N/A,Spectrum and TransferFunction are frequency-domain XML types,docs/plans/2026-09-25-diaggui-xml-product-audit.md#product-claims-and-n-a-rationale
Spectrum/5:external:auto:TimeSeriesDict,Spectrum,5,external,auto,TimeSeriesDict,"PSD; embedded (f,Y) payload; float32 samples from subtype source survey",N/A,Spectrum and TransferFunction are frequency-domain XML types,docs/plans/2026-09-25-diaggui-xml-product-audit.md#product-claims-and-n-a-rationale
Spectrum/5:external:auto:TimeSeriesMatrix,Spectrum,5,external,auto,TimeSeriesMatrix,"PSD; embedded (f,Y) payload; float32 samples from subtype source survey",N/A,Spectrum and TransferFunction are frequency-domain XML types,docs/plans/2026-09-25-diaggui-xml-product-audit.md#product-claims-and-n-a-rationale
Spectrum/5:external:auto:FrequencySeries,Spectrum,5,external,auto,FrequencySeries,"PSD; embedded (f,Y) payload; float32 samples from subtype source survey",unverified,Auto identifier is present for this class but this subtype/backend auto-read combination lacks a direct positive assertion.,gwexpy/frequencyseries/io/dttxml.py:registration; docs/plans/2026-09-25-diaggui-xml-product-audit.md#registry-observations
Spectrum/5:external:auto:FrequencySeriesDict,Spectrum,5,external,auto,FrequencySeriesDict,"PSD; embedded (f,Y) payload; float32 samples from subtype source survey",unverified,Auto identifier is present for this class but this subtype/backend auto-read combination lacks a direct positive assertion.,gwexpy/frequencyseries/io/dttxml.py:registration; docs/plans/2026-09-25-diaggui-xml-product-audit.md#registry-observations
Spectrum/5:external:auto:FrequencySeriesMatrix,Spectrum,5,external,auto,FrequencySeriesMatrix,"PSD; embedded (f,Y) payload; float32 samples from subtype source survey",unverified,Auto identifier is present for this class but this subtype/backend auto-read combination lacks a direct positive assertion.,gwexpy/frequencyseries/io/dttxml.py:registration; docs/plans/2026-09-25-diaggui-xml-product-audit.md#registry-observations
Spectrum/5:native:normalize:-,Spectrum,5,native,normalize,-,"PSD; embedded (f,Y) payload; float32 samples from subtype source survey",observed,Native Spectrum dispatch has no entry for this subtype; this is an observed implementation limit for the surveyed source-backed layout.,gwexpy/io/dttxml_common.py::load_dttxml_native; docs/plans/2026-09-25-diaggui-xml-product-audit.md#subtype-survey
Spectrum/5:native:explicit:TimeSeries,Spectrum,5,native,explicit,TimeSeries,"PSD; embedded (f,Y) payload; float32 samples from subtype source survey",N/A,Spectrum and TransferFunction are frequency-domain XML types,docs/plans/2026-09-25-diaggui-xml-product-audit.md#product-claims-and-n-a-rationale
Spectrum/5:native:explicit:TimeSeriesDict,Spectrum,5,native,explicit,TimeSeriesDict,"PSD; embedded (f,Y) payload; float32 samples from subtype source survey",N/A,Spectrum and TransferFunction are frequency-domain XML types,docs/plans/2026-09-25-diaggui-xml-product-audit.md#product-claims-and-n-a-rationale
Spectrum/5:native:explicit:TimeSeriesMatrix,Spectrum,5,native,explicit,TimeSeriesMatrix,"PSD; embedded (f,Y) payload; float32 samples from subtype source survey",N/A,Spectrum and TransferFunction are frequency-domain XML types,docs/plans/2026-09-25-diaggui-xml-product-audit.md#product-claims-and-n-a-rationale
Spectrum/5:native:explicit:FrequencySeries,Spectrum,5,native,explicit,FrequencySeries,"PSD; embedded (f,Y) payload; float32 samples from subtype source survey",unverified,This subtype/class/backend/surface combination has no direct integrated read assertion; subtype inventory evidence does not establish every return-type and metadata route.,tests/io/test_dttxml_issue726.py; docs/plans/2026-09-25-diaggui-xml-product-audit.md#coverage-gaps
Spectrum/5:native:explicit:FrequencySeriesDict,Spectrum,5,native,explicit,FrequencySeriesDict,"PSD; embedded (f,Y) payload; float32 samples from subtype source survey",unverified,This subtype/class/backend/surface combination has no direct integrated read assertion; subtype inventory evidence does not establish every return-type and metadata route.,tests/io/test_dttxml_issue726.py; docs/plans/2026-09-25-diaggui-xml-product-audit.md#coverage-gaps
Spectrum/5:native:explicit:FrequencySeriesMatrix,Spectrum,5,native,explicit,FrequencySeriesMatrix,"PSD; embedded (f,Y) payload; float32 samples from subtype source survey",unverified,This subtype/class/backend/surface combination has no direct integrated read assertion; subtype inventory evidence does not establish every return-type and metadata route.,tests/io/test_dttxml_issue726.py; docs/plans/2026-09-25-diaggui-xml-product-audit.md#coverage-gaps
Spectrum/5:native:auto:TimeSeries,Spectrum,5,native,auto,TimeSeries,"PSD; embedded (f,Y) payload; float32 samples from subtype source survey",N/A,Spectrum and TransferFunction are frequency-domain XML types,docs/plans/2026-09-25-diaggui-xml-product-audit.md#product-claims-and-n-a-rationale
Spectrum/5:native:auto:TimeSeriesDict,Spectrum,5,native,auto,TimeSeriesDict,"PSD; embedded (f,Y) payload; float32 samples from subtype source survey",N/A,Spectrum and TransferFunction are frequency-domain XML types,docs/plans/2026-09-25-diaggui-xml-product-audit.md#product-claims-and-n-a-rationale
Spectrum/5:native:auto:TimeSeriesMatrix,Spectrum,5,native,auto,TimeSeriesMatrix,"PSD; embedded (f,Y) payload; float32 samples from subtype source survey",N/A,Spectrum and TransferFunction are frequency-domain XML types,docs/plans/2026-09-25-diaggui-xml-product-audit.md#product-claims-and-n-a-rationale
Spectrum/5:native:auto:FrequencySeries,Spectrum,5,native,auto,FrequencySeries,"PSD; embedded (f,Y) payload; float32 samples from subtype source survey",unverified,Auto identifier is present for this class but this subtype/backend auto-read combination lacks a direct positive assertion.,gwexpy/frequencyseries/io/dttxml.py:registration; docs/plans/2026-09-25-diaggui-xml-product-audit.md#registry-observations
Spectrum/5:native:auto:FrequencySeriesDict,Spectrum,5,native,auto,FrequencySeriesDict,"PSD; embedded (f,Y) payload; float32 samples from subtype source survey",unverified,Auto identifier is present for this class but this subtype/backend auto-read combination lacks a direct positive assertion.,gwexpy/frequencyseries/io/dttxml.py:registration; docs/plans/2026-09-25-diaggui-xml-product-audit.md#registry-observations
Spectrum/5:native:auto:FrequencySeriesMatrix,Spectrum,5,native,auto,FrequencySeriesMatrix,"PSD; embedded (f,Y) payload; float32 samples from subtype source survey",unverified,Auto identifier is present for this class but this subtype/backend auto-read combination lacks a direct positive assertion.,gwexpy/frequencyseries/io/dttxml.py:registration; docs/plans/2026-09-25-diaggui-xml-product-audit.md#registry-observations
Spectrum/5:fallback:normalize:-,Spectrum,5,fallback,normalize,-,"PSD; embedded (f,Y) payload; float32 samples from subtype source survey",unverified,This subtype was not run through a reader in a clean no-dttxml process; only Spectrum/2 CSD has a verified frequency-product fallback probe.,docs/plans/2026-09-25-diaggui-xml-product-audit.md#coverage-gaps
Spectrum/5:fallback:explicit:TimeSeries,Spectrum,5,fallback,explicit,TimeSeries,"PSD; embedded (f,Y) payload; float32 samples from subtype source survey",N/A,Spectrum and TransferFunction are frequency-domain XML types,docs/plans/2026-09-25-diaggui-xml-product-audit.md#product-claims-and-n-a-rationale
Spectrum/5:fallback:explicit:TimeSeriesDict,Spectrum,5,fallback,explicit,TimeSeriesDict,"PSD; embedded (f,Y) payload; float32 samples from subtype source survey",N/A,Spectrum and TransferFunction are frequency-domain XML types,docs/plans/2026-09-25-diaggui-xml-product-audit.md#product-claims-and-n-a-rationale
Spectrum/5:fallback:explicit:TimeSeriesMatrix,Spectrum,5,fallback,explicit,TimeSeriesMatrix,"PSD; embedded (f,Y) payload; float32 samples from subtype source survey",N/A,Spectrum and TransferFunction are frequency-domain XML types,docs/plans/2026-09-25-diaggui-xml-product-audit.md#product-claims-and-n-a-rationale
Spectrum/5:fallback:explicit:FrequencySeries,Spectrum,5,fallback,explicit,FrequencySeries,"PSD; embedded (f,Y) payload; float32 samples from subtype source survey",unverified,Frequency-product public reader behavior was not exercised in a clean no-dttxml environment for this class and surface.,docs/plans/2026-09-25-diaggui-xml-product-audit.md#coverage-gaps
Spectrum/5:fallback:explicit:FrequencySeriesDict,Spectrum,5,fallback,explicit,FrequencySeriesDict,"PSD; embedded (f,Y) payload; float32 samples from subtype source survey",unverified,Frequency-product public reader behavior was not exercised in a clean no-dttxml environment for this class and surface.,docs/plans/2026-09-25-diaggui-xml-product-audit.md#coverage-gaps
Spectrum/5:fallback:explicit:FrequencySeriesMatrix,Spectrum,5,fallback,explicit,FrequencySeriesMatrix,"PSD; embedded (f,Y) payload; float32 samples from subtype source survey",unverified,Frequency-product public reader behavior was not exercised in a clean no-dttxml environment for this class and surface.,docs/plans/2026-09-25-diaggui-xml-product-audit.md#coverage-gaps
Spectrum/5:fallback:auto:TimeSeries,Spectrum,5,fallback,auto,TimeSeries,"PSD; embedded (f,Y) payload; float32 samples from subtype source survey",N/A,Spectrum and TransferFunction are frequency-domain XML types,docs/plans/2026-09-25-diaggui-xml-product-audit.md#product-claims-and-n-a-rationale
Spectrum/5:fallback:auto:TimeSeriesDict,Spectrum,5,fallback,auto,TimeSeriesDict,"PSD; embedded (f,Y) payload; float32 samples from subtype source survey",N/A,Spectrum and TransferFunction are frequency-domain XML types,docs/plans/2026-09-25-diaggui-xml-product-audit.md#product-claims-and-n-a-rationale
Spectrum/5:fallback:auto:TimeSeriesMatrix,Spectrum,5,fallback,auto,TimeSeriesMatrix,"PSD; embedded (f,Y) payload; float32 samples from subtype source survey",N/A,Spectrum and TransferFunction are frequency-domain XML types,docs/plans/2026-09-25-diaggui-xml-product-audit.md#product-claims-and-n-a-rationale
Spectrum/5:fallback:auto:FrequencySeries,Spectrum,5,fallback,auto,FrequencySeries,"PSD; embedded (f,Y) payload; float32 samples from subtype source survey",unverified,Frequency-product public reader behavior was not exercised in a clean no-dttxml environment for this class and surface.,docs/plans/2026-09-25-diaggui-xml-product-audit.md#coverage-gaps
Spectrum/5:fallback:auto:FrequencySeriesDict,Spectrum,5,fallback,auto,FrequencySeriesDict,"PSD; embedded (f,Y) payload; float32 samples from subtype source survey",unverified,Frequency-product public reader behavior was not exercised in a clean no-dttxml environment for this class and surface.,docs/plans/2026-09-25-diaggui-xml-product-audit.md#coverage-gaps
Spectrum/5:fallback:auto:FrequencySeriesMatrix,Spectrum,5,fallback,auto,FrequencySeriesMatrix,"PSD; embedded (f,Y) payload; float32 samples from subtype source survey",unverified,Frequency-product public reader behavior was not exercised in a clean no-dttxml environment for this class and surface.,docs/plans/2026-09-25-diaggui-xml-product-audit.md#coverage-gaps
Spectrum/6:external:normalize:-,Spectrum,6,external,normalize,-,"CSD; embedded (f,Y) payload; complex64 samples from subtype source survey",observed,"Installed dttxml decodes embedded-frequency CSD and GWexpy source maps CSD; surveyed layout only, without an integrated public reader assertion.",docs/plans/2026-09-25-diaggui-xml-product-audit.md#subtype-survey; tests/io/test_dttxml_issue726.py
Spectrum/6:external:explicit:TimeSeries,Spectrum,6,external,explicit,TimeSeries,"CSD; embedded (f,Y) payload; complex64 samples from subtype source survey",N/A,Spectrum and TransferFunction are frequency-domain XML types,docs/plans/2026-09-25-diaggui-xml-product-audit.md#product-claims-and-n-a-rationale
Spectrum/6:external:explicit:TimeSeriesDict,Spectrum,6,external,explicit,TimeSeriesDict,"CSD; embedded (f,Y) payload; complex64 samples from subtype source survey",N/A,Spectrum and TransferFunction are frequency-domain XML types,docs/plans/2026-09-25-diaggui-xml-product-audit.md#product-claims-and-n-a-rationale
Spectrum/6:external:explicit:TimeSeriesMatrix,Spectrum,6,external,explicit,TimeSeriesMatrix,"CSD; embedded (f,Y) payload; complex64 samples from subtype source survey",N/A,Spectrum and TransferFunction are frequency-domain XML types,docs/plans/2026-09-25-diaggui-xml-product-audit.md#product-claims-and-n-a-rationale
Spectrum/6:external:explicit:FrequencySeries,Spectrum,6,external,explicit,FrequencySeries,"CSD; embedded (f,Y) payload; complex64 samples from subtype source survey",unverified,This subtype/class/backend/surface combination has no direct integrated read assertion; subtype inventory evidence does not establish every return-type and metadata route.,tests/io/test_dttxml_issue726.py; docs/plans/2026-09-25-diaggui-xml-product-audit.md#coverage-gaps
Spectrum/6:external:explicit:FrequencySeriesDict,Spectrum,6,external,explicit,FrequencySeriesDict,"CSD; embedded (f,Y) payload; complex64 samples from subtype source survey",unverified,This subtype/class/backend/surface combination has no direct integrated read assertion; subtype inventory evidence does not establish every return-type and metadata route.,tests/io/test_dttxml_issue726.py; docs/plans/2026-09-25-diaggui-xml-product-audit.md#coverage-gaps
Spectrum/6:external:explicit:FrequencySeriesMatrix,Spectrum,6,external,explicit,FrequencySeriesMatrix,"CSD; embedded (f,Y) payload; complex64 samples from subtype source survey",unverified,This subtype/class/backend/surface combination has no direct integrated read assertion; subtype inventory evidence does not establish every return-type and metadata route.,tests/io/test_dttxml_issue726.py; docs/plans/2026-09-25-diaggui-xml-product-audit.md#coverage-gaps
Spectrum/6:external:auto:TimeSeries,Spectrum,6,external,auto,TimeSeries,"CSD; embedded (f,Y) payload; complex64 samples from subtype source survey",N/A,Spectrum and TransferFunction are frequency-domain XML types,docs/plans/2026-09-25-diaggui-xml-product-audit.md#product-claims-and-n-a-rationale
Spectrum/6:external:auto:TimeSeriesDict,Spectrum,6,external,auto,TimeSeriesDict,"CSD; embedded (f,Y) payload; complex64 samples from subtype source survey",N/A,Spectrum and TransferFunction are frequency-domain XML types,docs/plans/2026-09-25-diaggui-xml-product-audit.md#product-claims-and-n-a-rationale
Spectrum/6:external:auto:TimeSeriesMatrix,Spectrum,6,external,auto,TimeSeriesMatrix,"CSD; embedded (f,Y) payload; complex64 samples from subtype source survey",N/A,Spectrum and TransferFunction are frequency-domain XML types,docs/plans/2026-09-25-diaggui-xml-product-audit.md#product-claims-and-n-a-rationale
Spectrum/6:external:auto:FrequencySeries,Spectrum,6,external,auto,FrequencySeries,"CSD; embedded (f,Y) payload; complex64 samples from subtype source survey",unverified,Auto identifier is present for this class but this subtype/backend auto-read combination lacks a direct positive assertion.,gwexpy/frequencyseries/io/dttxml.py:registration; docs/plans/2026-09-25-diaggui-xml-product-audit.md#registry-observations
Spectrum/6:external:auto:FrequencySeriesDict,Spectrum,6,external,auto,FrequencySeriesDict,"CSD; embedded (f,Y) payload; complex64 samples from subtype source survey",unverified,Auto identifier is present for this class but this subtype/backend auto-read combination lacks a direct positive assertion.,gwexpy/frequencyseries/io/dttxml.py:registration; docs/plans/2026-09-25-diaggui-xml-product-audit.md#registry-observations
Spectrum/6:external:auto:FrequencySeriesMatrix,Spectrum,6,external,auto,FrequencySeriesMatrix,"CSD; embedded (f,Y) payload; complex64 samples from subtype source survey",unverified,Auto identifier is present for this class but this subtype/backend auto-read combination lacks a direct positive assertion.,gwexpy/frequencyseries/io/dttxml.py:registration; docs/plans/2026-09-25-diaggui-xml-product-audit.md#registry-observations
Spectrum/6:native:normalize:-,Spectrum,6,native,normalize,-,"CSD; embedded (f,Y) payload; complex64 samples from subtype source survey",observed,Native Spectrum dispatch has no entry for this subtype; this is an observed implementation limit for the surveyed source-backed layout.,gwexpy/io/dttxml_common.py::load_dttxml_native; docs/plans/2026-09-25-diaggui-xml-product-audit.md#subtype-survey
Spectrum/6:native:explicit:TimeSeries,Spectrum,6,native,explicit,TimeSeries,"CSD; embedded (f,Y) payload; complex64 samples from subtype source survey",N/A,Spectrum and TransferFunction are frequency-domain XML types,docs/plans/2026-09-25-diaggui-xml-product-audit.md#product-claims-and-n-a-rationale
Spectrum/6:native:explicit:TimeSeriesDict,Spectrum,6,native,explicit,TimeSeriesDict,"CSD; embedded (f,Y) payload; complex64 samples from subtype source survey",N/A,Spectrum and TransferFunction are frequency-domain XML types,docs/plans/2026-09-25-diaggui-xml-product-audit.md#product-claims-and-n-a-rationale
Spectrum/6:native:explicit:TimeSeriesMatrix,Spectrum,6,native,explicit,TimeSeriesMatrix,"CSD; embedded (f,Y) payload; complex64 samples from subtype source survey",N/A,Spectrum and TransferFunction are frequency-domain XML types,docs/plans/2026-09-25-diaggui-xml-product-audit.md#product-claims-and-n-a-rationale
Spectrum/6:native:explicit:FrequencySeries,Spectrum,6,native,explicit,FrequencySeries,"CSD; embedded (f,Y) payload; complex64 samples from subtype source survey",unverified,This subtype/class/backend/surface combination has no direct integrated read assertion; subtype inventory evidence does not establish every return-type and metadata route.,tests/io/test_dttxml_issue726.py; docs/plans/2026-09-25-diaggui-xml-product-audit.md#coverage-gaps
Spectrum/6:native:explicit:FrequencySeriesDict,Spectrum,6,native,explicit,FrequencySeriesDict,"CSD; embedded (f,Y) payload; complex64 samples from subtype source survey",unverified,This subtype/class/backend/surface combination has no direct integrated read assertion; subtype inventory evidence does not establish every return-type and metadata route.,tests/io/test_dttxml_issue726.py; docs/plans/2026-09-25-diaggui-xml-product-audit.md#coverage-gaps
Spectrum/6:native:explicit:FrequencySeriesMatrix,Spectrum,6,native,explicit,FrequencySeriesMatrix,"CSD; embedded (f,Y) payload; complex64 samples from subtype source survey",unverified,This subtype/class/backend/surface combination has no direct integrated read assertion; subtype inventory evidence does not establish every return-type and metadata route.,tests/io/test_dttxml_issue726.py; docs/plans/2026-09-25-diaggui-xml-product-audit.md#coverage-gaps
Spectrum/6:native:auto:TimeSeries,Spectrum,6,native,auto,TimeSeries,"CSD; embedded (f,Y) payload; complex64 samples from subtype source survey",N/A,Spectrum and TransferFunction are frequency-domain XML types,docs/plans/2026-09-25-diaggui-xml-product-audit.md#product-claims-and-n-a-rationale
Spectrum/6:native:auto:TimeSeriesDict,Spectrum,6,native,auto,TimeSeriesDict,"CSD; embedded (f,Y) payload; complex64 samples from subtype source survey",N/A,Spectrum and TransferFunction are frequency-domain XML types,docs/plans/2026-09-25-diaggui-xml-product-audit.md#product-claims-and-n-a-rationale
Spectrum/6:native:auto:TimeSeriesMatrix,Spectrum,6,native,auto,TimeSeriesMatrix,"CSD; embedded (f,Y) payload; complex64 samples from subtype source survey",N/A,Spectrum and TransferFunction are frequency-domain XML types,docs/plans/2026-09-25-diaggui-xml-product-audit.md#product-claims-and-n-a-rationale
Spectrum/6:native:auto:FrequencySeries,Spectrum,6,native,auto,FrequencySeries,"CSD; embedded (f,Y) payload; complex64 samples from subtype source survey",unverified,Auto identifier is present for this class but this subtype/backend auto-read combination lacks a direct positive assertion.,gwexpy/frequencyseries/io/dttxml.py:registration; docs/plans/2026-09-25-diaggui-xml-product-audit.md#registry-observations
Spectrum/6:native:auto:FrequencySeriesDict,Spectrum,6,native,auto,FrequencySeriesDict,"CSD; embedded (f,Y) payload; complex64 samples from subtype source survey",unverified,Auto identifier is present for this class but this subtype/backend auto-read combination lacks a direct positive assertion.,gwexpy/frequencyseries/io/dttxml.py:registration; docs/plans/2026-09-25-diaggui-xml-product-audit.md#registry-observations
Spectrum/6:native:auto:FrequencySeriesMatrix,Spectrum,6,native,auto,FrequencySeriesMatrix,"CSD; embedded (f,Y) payload; complex64 samples from subtype source survey",unverified,Auto identifier is present for this class but this subtype/backend auto-read combination lacks a direct positive assertion.,gwexpy/frequencyseries/io/dttxml.py:registration; docs/plans/2026-09-25-diaggui-xml-product-audit.md#registry-observations
Spectrum/6:fallback:normalize:-,Spectrum,6,fallback,normalize,-,"CSD; embedded (f,Y) payload; complex64 samples from subtype source survey",unverified,This subtype was not run through a reader in a clean no-dttxml process; only Spectrum/2 CSD has a verified frequency-product fallback probe.,docs/plans/2026-09-25-diaggui-xml-product-audit.md#coverage-gaps
Spectrum/6:fallback:explicit:TimeSeries,Spectrum,6,fallback,explicit,TimeSeries,"CSD; embedded (f,Y) payload; complex64 samples from subtype source survey",N/A,Spectrum and TransferFunction are frequency-domain XML types,docs/plans/2026-09-25-diaggui-xml-product-audit.md#product-claims-and-n-a-rationale
Spectrum/6:fallback:explicit:TimeSeriesDict,Spectrum,6,fallback,explicit,TimeSeriesDict,"CSD; embedded (f,Y) payload; complex64 samples from subtype source survey",N/A,Spectrum and TransferFunction are frequency-domain XML types,docs/plans/2026-09-25-diaggui-xml-product-audit.md#product-claims-and-n-a-rationale
Spectrum/6:fallback:explicit:TimeSeriesMatrix,Spectrum,6,fallback,explicit,TimeSeriesMatrix,"CSD; embedded (f,Y) payload; complex64 samples from subtype source survey",N/A,Spectrum and TransferFunction are frequency-domain XML types,docs/plans/2026-09-25-diaggui-xml-product-audit.md#product-claims-and-n-a-rationale
Spectrum/6:fallback:explicit:FrequencySeries,Spectrum,6,fallback,explicit,FrequencySeries,"CSD; embedded (f,Y) payload; complex64 samples from subtype source survey",unverified,Frequency-product public reader behavior was not exercised in a clean no-dttxml environment for this class and surface.,docs/plans/2026-09-25-diaggui-xml-product-audit.md#coverage-gaps
Spectrum/6:fallback:explicit:FrequencySeriesDict,Spectrum,6,fallback,explicit,FrequencySeriesDict,"CSD; embedded (f,Y) payload; complex64 samples from subtype source survey",unverified,Frequency-product public reader behavior was not exercised in a clean no-dttxml environment for this class and surface.,docs/plans/2026-09-25-diaggui-xml-product-audit.md#coverage-gaps
Spectrum/6:fallback:explicit:FrequencySeriesMatrix,Spectrum,6,fallback,explicit,FrequencySeriesMatrix,"CSD; embedded (f,Y) payload; complex64 samples from subtype source survey",unverified,Frequency-product public reader behavior was not exercised in a clean no-dttxml environment for this class and surface.,docs/plans/2026-09-25-diaggui-xml-product-audit.md#coverage-gaps
Spectrum/6:fallback:auto:TimeSeries,Spectrum,6,fallback,auto,TimeSeries,"CSD; embedded (f,Y) payload; complex64 samples from subtype source survey",N/A,Spectrum and TransferFunction are frequency-domain XML types,docs/plans/2026-09-25-diaggui-xml-product-audit.md#product-claims-and-n-a-rationale
Spectrum/6:fallback:auto:TimeSeriesDict,Spectrum,6,fallback,auto,TimeSeriesDict,"CSD; embedded (f,Y) payload; complex64 samples from subtype source survey",N/A,Spectrum and TransferFunction are frequency-domain XML types,docs/plans/2026-09-25-diaggui-xml-product-audit.md#product-claims-and-n-a-rationale
Spectrum/6:fallback:auto:TimeSeriesMatrix,Spectrum,6,fallback,auto,TimeSeriesMatrix,"CSD; embedded (f,Y) payload; complex64 samples from subtype source survey",N/A,Spectrum and TransferFunction are frequency-domain XML types,docs/plans/2026-09-25-diaggui-xml-product-audit.md#product-claims-and-n-a-rationale
Spectrum/6:fallback:auto:FrequencySeries,Spectrum,6,fallback,auto,FrequencySeries,"CSD; embedded (f,Y) payload; complex64 samples from subtype source survey",unverified,Frequency-product public reader behavior was not exercised in a clean no-dttxml environment for this class and surface.,docs/plans/2026-09-25-diaggui-xml-product-audit.md#coverage-gaps
Spectrum/6:fallback:auto:FrequencySeriesDict,Spectrum,6,fallback,auto,FrequencySeriesDict,"CSD; embedded (f,Y) payload; complex64 samples from subtype source survey",unverified,Frequency-product public reader behavior was not exercised in a clean no-dttxml environment for this class and surface.,docs/plans/2026-09-25-diaggui-xml-product-audit.md#coverage-gaps
Spectrum/6:fallback:auto:FrequencySeriesMatrix,Spectrum,6,fallback,auto,FrequencySeriesMatrix,"CSD; embedded (f,Y) payload; complex64 samples from subtype source survey",unverified,Frequency-product public reader behavior was not exercised in a clean no-dttxml environment for this class and surface.,docs/plans/2026-09-25-diaggui-xml-product-audit.md#coverage-gaps
Spectrum/7:external:normalize:-,Spectrum,7,external,normalize,-,"COH; embedded (f,Y) payload; float32 samples from subtype source survey",observed,"Installed dttxml decodes embedded-frequency COH and GWexpy source maps COH; surveyed layout only, without an integrated public reader assertion.",docs/plans/2026-09-25-diaggui-xml-product-audit.md#subtype-survey; tests/io/test_dttxml_issue726.py
Spectrum/7:external:explicit:TimeSeries,Spectrum,7,external,explicit,TimeSeries,"COH; embedded (f,Y) payload; float32 samples from subtype source survey",N/A,Spectrum and TransferFunction are frequency-domain XML types,docs/plans/2026-09-25-diaggui-xml-product-audit.md#product-claims-and-n-a-rationale
Spectrum/7:external:explicit:TimeSeriesDict,Spectrum,7,external,explicit,TimeSeriesDict,"COH; embedded (f,Y) payload; float32 samples from subtype source survey",N/A,Spectrum and TransferFunction are frequency-domain XML types,docs/plans/2026-09-25-diaggui-xml-product-audit.md#product-claims-and-n-a-rationale
Spectrum/7:external:explicit:TimeSeriesMatrix,Spectrum,7,external,explicit,TimeSeriesMatrix,"COH; embedded (f,Y) payload; float32 samples from subtype source survey",N/A,Spectrum and TransferFunction are frequency-domain XML types,docs/plans/2026-09-25-diaggui-xml-product-audit.md#product-claims-and-n-a-rationale
Spectrum/7:external:explicit:FrequencySeries,Spectrum,7,external,explicit,FrequencySeries,"COH; embedded (f,Y) payload; float32 samples from subtype source survey",unverified,This subtype/class/backend/surface combination has no direct integrated read assertion; subtype inventory evidence does not establish every return-type and metadata route.,tests/io/test_dttxml_issue726.py; docs/plans/2026-09-25-diaggui-xml-product-audit.md#coverage-gaps
Spectrum/7:external:explicit:FrequencySeriesDict,Spectrum,7,external,explicit,FrequencySeriesDict,"COH; embedded (f,Y) payload; float32 samples from subtype source survey",unverified,This subtype/class/backend/surface combination has no direct integrated read assertion; subtype inventory evidence does not establish every return-type and metadata route.,tests/io/test_dttxml_issue726.py; docs/plans/2026-09-25-diaggui-xml-product-audit.md#coverage-gaps
Spectrum/7:external:explicit:FrequencySeriesMatrix,Spectrum,7,external,explicit,FrequencySeriesMatrix,"COH; embedded (f,Y) payload; float32 samples from subtype source survey",unverified,This subtype/class/backend/surface combination has no direct integrated read assertion; subtype inventory evidence does not establish every return-type and metadata route.,tests/io/test_dttxml_issue726.py; docs/plans/2026-09-25-diaggui-xml-product-audit.md#coverage-gaps
Spectrum/7:external:auto:TimeSeries,Spectrum,7,external,auto,TimeSeries,"COH; embedded (f,Y) payload; float32 samples from subtype source survey",N/A,Spectrum and TransferFunction are frequency-domain XML types,docs/plans/2026-09-25-diaggui-xml-product-audit.md#product-claims-and-n-a-rationale
Spectrum/7:external:auto:TimeSeriesDict,Spectrum,7,external,auto,TimeSeriesDict,"COH; embedded (f,Y) payload; float32 samples from subtype source survey",N/A,Spectrum and TransferFunction are frequency-domain XML types,docs/plans/2026-09-25-diaggui-xml-product-audit.md#product-claims-and-n-a-rationale
Spectrum/7:external:auto:TimeSeriesMatrix,Spectrum,7,external,auto,TimeSeriesMatrix,"COH; embedded (f,Y) payload; float32 samples from subtype source survey",N/A,Spectrum and TransferFunction are frequency-domain XML types,docs/plans/2026-09-25-diaggui-xml-product-audit.md#product-claims-and-n-a-rationale
Spectrum/7:external:auto:FrequencySeries,Spectrum,7,external,auto,FrequencySeries,"COH; embedded (f,Y) payload; float32 samples from subtype source survey",unverified,Auto identifier is present for this class but this subtype/backend auto-read combination lacks a direct positive assertion.,gwexpy/frequencyseries/io/dttxml.py:registration; docs/plans/2026-09-25-diaggui-xml-product-audit.md#registry-observations
Spectrum/7:external:auto:FrequencySeriesDict,Spectrum,7,external,auto,FrequencySeriesDict,"COH; embedded (f,Y) payload; float32 samples from subtype source survey",unverified,Auto identifier is present for this class but this subtype/backend auto-read combination lacks a direct positive assertion.,gwexpy/frequencyseries/io/dttxml.py:registration; docs/plans/2026-09-25-diaggui-xml-product-audit.md#registry-observations
Spectrum/7:external:auto:FrequencySeriesMatrix,Spectrum,7,external,auto,FrequencySeriesMatrix,"COH; embedded (f,Y) payload; float32 samples from subtype source survey",unverified,Auto identifier is present for this class but this subtype/backend auto-read combination lacks a direct positive assertion.,gwexpy/frequencyseries/io/dttxml.py:registration; docs/plans/2026-09-25-diaggui-xml-product-audit.md#registry-observations
Spectrum/7:native:normalize:-,Spectrum,7,native,normalize,-,"COH; embedded (f,Y) payload; float32 samples from subtype source survey",observed,Native Spectrum dispatch has no entry for this subtype; this is an observed implementation limit for the surveyed source-backed layout.,gwexpy/io/dttxml_common.py::load_dttxml_native; docs/plans/2026-09-25-diaggui-xml-product-audit.md#subtype-survey
Spectrum/7:native:explicit:TimeSeries,Spectrum,7,native,explicit,TimeSeries,"COH; embedded (f,Y) payload; float32 samples from subtype source survey",N/A,Spectrum and TransferFunction are frequency-domain XML types,docs/plans/2026-09-25-diaggui-xml-product-audit.md#product-claims-and-n-a-rationale
Spectrum/7:native:explicit:TimeSeriesDict,Spectrum,7,native,explicit,TimeSeriesDict,"COH; embedded (f,Y) payload; float32 samples from subtype source survey",N/A,Spectrum and TransferFunction are frequency-domain XML types,docs/plans/2026-09-25-diaggui-xml-product-audit.md#product-claims-and-n-a-rationale
Spectrum/7:native:explicit:TimeSeriesMatrix,Spectrum,7,native,explicit,TimeSeriesMatrix,"COH; embedded (f,Y) payload; float32 samples from subtype source survey",N/A,Spectrum and TransferFunction are frequency-domain XML types,docs/plans/2026-09-25-diaggui-xml-product-audit.md#product-claims-and-n-a-rationale
Spectrum/7:native:explicit:FrequencySeries,Spectrum,7,native,explicit,FrequencySeries,"COH; embedded (f,Y) payload; float32 samples from subtype source survey",unverified,This subtype/class/backend/surface combination has no direct integrated read assertion; subtype inventory evidence does not establish every return-type and metadata route.,tests/io/test_dttxml_issue726.py; docs/plans/2026-09-25-diaggui-xml-product-audit.md#coverage-gaps
Spectrum/7:native:explicit:FrequencySeriesDict,Spectrum,7,native,explicit,FrequencySeriesDict,"COH; embedded (f,Y) payload; float32 samples from subtype source survey",unverified,This subtype/class/backend/surface combination has no direct integrated read assertion; subtype inventory evidence does not establish every return-type and metadata route.,tests/io/test_dttxml_issue726.py; docs/plans/2026-09-25-diaggui-xml-product-audit.md#coverage-gaps
Spectrum/7:native:explicit:FrequencySeriesMatrix,Spectrum,7,native,explicit,FrequencySeriesMatrix,"COH; embedded (f,Y) payload; float32 samples from subtype source survey",unverified,This subtype/class/backend/surface combination has no direct integrated read assertion; subtype inventory evidence does not establish every return-type and metadata route.,tests/io/test_dttxml_issue726.py; docs/plans/2026-09-25-diaggui-xml-product-audit.md#coverage-gaps
Spectrum/7:native:auto:TimeSeries,Spectrum,7,native,auto,TimeSeries,"COH; embedded (f,Y) payload; float32 samples from subtype source survey",N/A,Spectrum and TransferFunction are frequency-domain XML types,docs/plans/2026-09-25-diaggui-xml-product-audit.md#product-claims-and-n-a-rationale
Spectrum/7:native:auto:TimeSeriesDict,Spectrum,7,native,auto,TimeSeriesDict,"COH; embedded (f,Y) payload; float32 samples from subtype source survey",N/A,Spectrum and TransferFunction are frequency-domain XML types,docs/plans/2026-09-25-diaggui-xml-product-audit.md#product-claims-and-n-a-rationale
Spectrum/7:native:auto:TimeSeriesMatrix,Spectrum,7,native,auto,TimeSeriesMatrix,"COH; embedded (f,Y) payload; float32 samples from subtype source survey",N/A,Spectrum and TransferFunction are frequency-domain XML types,docs/plans/2026-09-25-diaggui-xml-product-audit.md#product-claims-and-n-a-rationale
Spectrum/7:native:auto:FrequencySeries,Spectrum,7,native,auto,FrequencySeries,"COH; embedded (f,Y) payload; float32 samples from subtype source survey",unverified,Auto identifier is present for this class but this subtype/backend auto-read combination lacks a direct positive assertion.,gwexpy/frequencyseries/io/dttxml.py:registration; docs/plans/2026-09-25-diaggui-xml-product-audit.md#registry-observations
Spectrum/7:native:auto:FrequencySeriesDict,Spectrum,7,native,auto,FrequencySeriesDict,"COH; embedded (f,Y) payload; float32 samples from subtype source survey",unverified,Auto identifier is present for this class but this subtype/backend auto-read combination lacks a direct positive assertion.,gwexpy/frequencyseries/io/dttxml.py:registration; docs/plans/2026-09-25-diaggui-xml-product-audit.md#registry-observations
Spectrum/7:native:auto:FrequencySeriesMatrix,Spectrum,7,native,auto,FrequencySeriesMatrix,"COH; embedded (f,Y) payload; float32 samples from subtype source survey",unverified,Auto identifier is present for this class but this subtype/backend auto-read combination lacks a direct positive assertion.,gwexpy/frequencyseries/io/dttxml.py:registration; docs/plans/2026-09-25-diaggui-xml-product-audit.md#registry-observations
Spectrum/7:fallback:normalize:-,Spectrum,7,fallback,normalize,-,"COH; embedded (f,Y) payload; float32 samples from subtype source survey",unverified,This subtype was not run through a reader in a clean no-dttxml process; only Spectrum/2 CSD has a verified frequency-product fallback probe.,docs/plans/2026-09-25-diaggui-xml-product-audit.md#coverage-gaps
Spectrum/7:fallback:explicit:TimeSeries,Spectrum,7,fallback,explicit,TimeSeries,"COH; embedded (f,Y) payload; float32 samples from subtype source survey",N/A,Spectrum and TransferFunction are frequency-domain XML types,docs/plans/2026-09-25-diaggui-xml-product-audit.md#product-claims-and-n-a-rationale
Spectrum/7:fallback:explicit:TimeSeriesDict,Spectrum,7,fallback,explicit,TimeSeriesDict,"COH; embedded (f,Y) payload; float32 samples from subtype source survey",N/A,Spectrum and TransferFunction are frequency-domain XML types,docs/plans/2026-09-25-diaggui-xml-product-audit.md#product-claims-and-n-a-rationale
Spectrum/7:fallback:explicit:TimeSeriesMatrix,Spectrum,7,fallback,explicit,TimeSeriesMatrix,"COH; embedded (f,Y) payload; float32 samples from subtype source survey",N/A,Spectrum and TransferFunction are frequency-domain XML types,docs/plans/2026-09-25-diaggui-xml-product-audit.md#product-claims-and-n-a-rationale
Spectrum/7:fallback:explicit:FrequencySeries,Spectrum,7,fallback,explicit,FrequencySeries,"COH; embedded (f,Y) payload; float32 samples from subtype source survey",unverified,Frequency-product public reader behavior was not exercised in a clean no-dttxml environment for this class and surface.,docs/plans/2026-09-25-diaggui-xml-product-audit.md#coverage-gaps
Spectrum/7:fallback:explicit:FrequencySeriesDict,Spectrum,7,fallback,explicit,FrequencySeriesDict,"COH; embedded (f,Y) payload; float32 samples from subtype source survey",unverified,Frequency-product public reader behavior was not exercised in a clean no-dttxml environment for this class and surface.,docs/plans/2026-09-25-diaggui-xml-product-audit.md#coverage-gaps
Spectrum/7:fallback:explicit:FrequencySeriesMatrix,Spectrum,7,fallback,explicit,FrequencySeriesMatrix,"COH; embedded (f,Y) payload; float32 samples from subtype source survey",unverified,Frequency-product public reader behavior was not exercised in a clean no-dttxml environment for this class and surface.,docs/plans/2026-09-25-diaggui-xml-product-audit.md#coverage-gaps
Spectrum/7:fallback:auto:TimeSeries,Spectrum,7,fallback,auto,TimeSeries,"COH; embedded (f,Y) payload; float32 samples from subtype source survey",N/A,Spectrum and TransferFunction are frequency-domain XML types,docs/plans/2026-09-25-diaggui-xml-product-audit.md#product-claims-and-n-a-rationale
Spectrum/7:fallback:auto:TimeSeriesDict,Spectrum,7,fallback,auto,TimeSeriesDict,"COH; embedded (f,Y) payload; float32 samples from subtype source survey",N/A,Spectrum and TransferFunction are frequency-domain XML types,docs/plans/2026-09-25-diaggui-xml-product-audit.md#product-claims-and-n-a-rationale
Spectrum/7:fallback:auto:TimeSeriesMatrix,Spectrum,7,fallback,auto,TimeSeriesMatrix,"COH; embedded (f,Y) payload; float32 samples from subtype source survey",N/A,Spectrum and TransferFunction are frequency-domain XML types,docs/plans/2026-09-25-diaggui-xml-product-audit.md#product-claims-and-n-a-rationale
Spectrum/7:fallback:auto:FrequencySeries,Spectrum,7,fallback,auto,FrequencySeries,"COH; embedded (f,Y) payload; float32 samples from subtype source survey",unverified,Frequency-product public reader behavior was not exercised in a clean no-dttxml environment for this class and surface.,docs/plans/2026-09-25-diaggui-xml-product-audit.md#coverage-gaps
Spectrum/7:fallback:auto:FrequencySeriesDict,Spectrum,7,fallback,auto,FrequencySeriesDict,"COH; embedded (f,Y) payload; float32 samples from subtype source survey",unverified,Frequency-product public reader behavior was not exercised in a clean no-dttxml environment for this class and surface.,docs/plans/2026-09-25-diaggui-xml-product-audit.md#coverage-gaps
Spectrum/7:fallback:auto:FrequencySeriesMatrix,Spectrum,7,fallback,auto,FrequencySeriesMatrix,"COH; embedded (f,Y) payload; float32 samples from subtype source survey",unverified,Frequency-product public reader behavior was not exercised in a clean no-dttxml environment for this class and surface.,docs/plans/2026-09-25-diaggui-xml-product-audit.md#coverage-gaps
TransferFunction/0:external:normalize:-,TransferFunction,0,external,normalize,-,TF; Y payload; floatComplex/complex64 from subtype source survey,verified,Installed dttxml normalization and decoded payload are covered by an existing verified fixture/test for this subtype.,tests/io/test_dttxml_issue726.py; tests/io/dttxml_audit/test_subtypes.py
TransferFunction/0:external:explicit:TimeSeries,TransferFunction,0,external,explicit,TimeSeries,TF; Y payload; floatComplex/complex64 from subtype source survey,N/A,Spectrum and TransferFunction are frequency-domain XML types,docs/plans/2026-09-25-diaggui-xml-product-audit.md#product-claims-and-n-a-rationale
TransferFunction/0:external:explicit:TimeSeriesDict,TransferFunction,0,external,explicit,TimeSeriesDict,TF; Y payload; floatComplex/complex64 from subtype source survey,N/A,Spectrum and TransferFunction are frequency-domain XML types,docs/plans/2026-09-25-diaggui-xml-product-audit.md#product-claims-and-n-a-rationale
TransferFunction/0:external:explicit:TimeSeriesMatrix,TransferFunction,0,external,explicit,TimeSeriesMatrix,TF; Y payload; floatComplex/complex64 from subtype source survey,N/A,Spectrum and TransferFunction are frequency-domain XML types,docs/plans/2026-09-25-diaggui-xml-product-audit.md#product-claims-and-n-a-rationale
TransferFunction/0:external:explicit:FrequencySeries,TransferFunction,0,external,explicit,FrequencySeries,TF; Y payload; floatComplex/complex64 from subtype source survey,unverified,This subtype/class/backend/surface combination has no direct integrated read assertion; subtype inventory evidence does not establish every return-type and metadata route.,tests/io/test_dttxml_issue726.py; docs/plans/2026-09-25-diaggui-xml-product-audit.md#coverage-gaps
TransferFunction/0:external:explicit:FrequencySeriesDict,TransferFunction,0,external,explicit,FrequencySeriesDict,TF; Y payload; floatComplex/complex64 from subtype source survey,unverified,This subtype/class/backend/surface combination has no direct integrated read assertion; subtype inventory evidence does not establish every return-type and metadata route.,tests/io/test_dttxml_issue726.py; docs/plans/2026-09-25-diaggui-xml-product-audit.md#coverage-gaps
TransferFunction/0:external:explicit:FrequencySeriesMatrix,TransferFunction,0,external,explicit,FrequencySeriesMatrix,TF; Y payload; floatComplex/complex64 from subtype source survey,verified,"This subtype/class/backend/surface has a positive integrated assertion for values, coordinates, pair direction, and applicable metadata.",tests/io/test_dttxml_issue726.py; tests/io/dttxml_audit/test_readers.py
TransferFunction/0:external:auto:TimeSeries,TransferFunction,0,external,auto,TimeSeries,TF; Y payload; floatComplex/complex64 from subtype source survey,N/A,Spectrum and TransferFunction are frequency-domain XML types,docs/plans/2026-09-25-diaggui-xml-product-audit.md#product-claims-and-n-a-rationale
TransferFunction/0:external:auto:TimeSeriesDict,TransferFunction,0,external,auto,TimeSeriesDict,TF; Y payload; floatComplex/complex64 from subtype source survey,N/A,Spectrum and TransferFunction are frequency-domain XML types,docs/plans/2026-09-25-diaggui-xml-product-audit.md#product-claims-and-n-a-rationale
TransferFunction/0:external:auto:TimeSeriesMatrix,TransferFunction,0,external,auto,TimeSeriesMatrix,TF; Y payload; floatComplex/complex64 from subtype source survey,N/A,Spectrum and TransferFunction are frequency-domain XML types,docs/plans/2026-09-25-diaggui-xml-product-audit.md#product-claims-and-n-a-rationale
TransferFunction/0:external:auto:FrequencySeries,TransferFunction,0,external,auto,FrequencySeries,TF; Y payload; floatComplex/complex64 from subtype source survey,unverified,Auto identifier is present for this class but this subtype/backend auto-read combination lacks a direct positive assertion.,gwexpy/frequencyseries/io/dttxml.py:registration; docs/plans/2026-09-25-diaggui-xml-product-audit.md#registry-observations
TransferFunction/0:external:auto:FrequencySeriesDict,TransferFunction,0,external,auto,FrequencySeriesDict,TF; Y payload; floatComplex/complex64 from subtype source survey,unverified,Auto identifier is present for this class but this subtype/backend auto-read combination lacks a direct positive assertion.,gwexpy/frequencyseries/io/dttxml.py:registration; docs/plans/2026-09-25-diaggui-xml-product-audit.md#registry-observations
TransferFunction/0:external:auto:FrequencySeriesMatrix,TransferFunction,0,external,auto,FrequencySeriesMatrix,TF; Y payload; floatComplex/complex64 from subtype source survey,unverified,Auto identifier is present for this class but this subtype/backend auto-read combination lacks a direct positive assertion.,gwexpy/frequencyseries/io/dttxml.py:registration; docs/plans/2026-09-25-diaggui-xml-product-audit.md#registry-observations
TransferFunction/0:native:normalize:-,TransferFunction,0,native,normalize,-,TF; Y payload; floatComplex/complex64 from subtype source survey,verified,Native normalized payload values and reader behavior are asserted by the integrated positive characterization.,tests/io/test_dttxml_issue726.py; tests/io/dttxml_audit/test_subtypes.py
TransferFunction/0:native:explicit:TimeSeries,TransferFunction,0,native,explicit,TimeSeries,TF; Y payload; floatComplex/complex64 from subtype source survey,N/A,Spectrum and TransferFunction are frequency-domain XML types,docs/plans/2026-09-25-diaggui-xml-product-audit.md#product-claims-and-n-a-rationale
TransferFunction/0:native:explicit:TimeSeriesDict,TransferFunction,0,native,explicit,TimeSeriesDict,TF; Y payload; floatComplex/complex64 from subtype source survey,N/A,Spectrum and TransferFunction are frequency-domain XML types,docs/plans/2026-09-25-diaggui-xml-product-audit.md#product-claims-and-n-a-rationale
TransferFunction/0:native:explicit:TimeSeriesMatrix,TransferFunction,0,native,explicit,TimeSeriesMatrix,TF; Y payload; floatComplex/complex64 from subtype source survey,N/A,Spectrum and TransferFunction are frequency-domain XML types,docs/plans/2026-09-25-diaggui-xml-product-audit.md#product-claims-and-n-a-rationale
TransferFunction/0:native:explicit:FrequencySeries,TransferFunction,0,native,explicit,FrequencySeries,TF; Y payload; floatComplex/complex64 from subtype source survey,unverified,This subtype/class/backend/surface combination has no direct integrated read assertion; subtype inventory evidence does not establish every return-type and metadata route.,tests/io/test_dttxml_issue726.py; docs/plans/2026-09-25-diaggui-xml-product-audit.md#coverage-gaps
TransferFunction/0:native:explicit:FrequencySeriesDict,TransferFunction,0,native,explicit,FrequencySeriesDict,TF; Y payload; floatComplex/complex64 from subtype source survey,unverified,This subtype/class/backend/surface combination has no direct integrated read assertion; subtype inventory evidence does not establish every return-type and metadata route.,tests/io/test_dttxml_issue726.py; docs/plans/2026-09-25-diaggui-xml-product-audit.md#coverage-gaps
TransferFunction/0:native:explicit:FrequencySeriesMatrix,TransferFunction,0,native,explicit,FrequencySeriesMatrix,TF; Y payload; floatComplex/complex64 from subtype source survey,verified,"This subtype/class/backend/surface has a positive integrated assertion for values, coordinates, pair direction, and applicable metadata.",tests/io/test_dttxml_issue726.py; tests/io/dttxml_audit/test_readers.py
TransferFunction/0:native:auto:TimeSeries,TransferFunction,0,native,auto,TimeSeries,TF; Y payload; floatComplex/complex64 from subtype source survey,N/A,Spectrum and TransferFunction are frequency-domain XML types,docs/plans/2026-09-25-diaggui-xml-product-audit.md#product-claims-and-n-a-rationale
TransferFunction/0:native:auto:TimeSeriesDict,TransferFunction,0,native,auto,TimeSeriesDict,TF; Y payload; floatComplex/complex64 from subtype source survey,N/A,Spectrum and TransferFunction are frequency-domain XML types,docs/plans/2026-09-25-diaggui-xml-product-audit.md#product-claims-and-n-a-rationale
TransferFunction/0:native:auto:TimeSeriesMatrix,TransferFunction,0,native,auto,TimeSeriesMatrix,TF; Y payload; floatComplex/complex64 from subtype source survey,N/A,Spectrum and TransferFunction are frequency-domain XML types,docs/plans/2026-09-25-diaggui-xml-product-audit.md#product-claims-and-n-a-rationale
TransferFunction/0:native:auto:FrequencySeries,TransferFunction,0,native,auto,FrequencySeries,TF; Y payload; floatComplex/complex64 from subtype source survey,unverified,Auto identifier is present for this class but this subtype/backend auto-read combination lacks a direct positive assertion.,gwexpy/frequencyseries/io/dttxml.py:registration; docs/plans/2026-09-25-diaggui-xml-product-audit.md#registry-observations
TransferFunction/0:native:auto:FrequencySeriesDict,TransferFunction,0,native,auto,FrequencySeriesDict,TF; Y payload; floatComplex/complex64 from subtype source survey,unverified,Auto identifier is present for this class but this subtype/backend auto-read combination lacks a direct positive assertion.,gwexpy/frequencyseries/io/dttxml.py:registration; docs/plans/2026-09-25-diaggui-xml-product-audit.md#registry-observations
TransferFunction/0:native:auto:FrequencySeriesMatrix,TransferFunction,0,native,auto,FrequencySeriesMatrix,TF; Y payload; floatComplex/complex64 from subtype source survey,unverified,Auto identifier is present for this class but this subtype/backend auto-read combination lacks a direct positive assertion.,gwexpy/frequencyseries/io/dttxml.py:registration; docs/plans/2026-09-25-diaggui-xml-product-audit.md#registry-observations
TransferFunction/0:fallback:normalize:-,TransferFunction,0,fallback,normalize,-,TF; Y payload; floatComplex/complex64 from subtype source survey,unverified,This subtype was not run through a reader in a clean no-dttxml process; only Spectrum/2 CSD has a verified frequency-product fallback probe.,docs/plans/2026-09-25-diaggui-xml-product-audit.md#coverage-gaps
TransferFunction/0:fallback:explicit:TimeSeries,TransferFunction,0,fallback,explicit,TimeSeries,TF; Y payload; floatComplex/complex64 from subtype source survey,N/A,Spectrum and TransferFunction are frequency-domain XML types,docs/plans/2026-09-25-diaggui-xml-product-audit.md#product-claims-and-n-a-rationale
TransferFunction/0:fallback:explicit:TimeSeriesDict,TransferFunction,0,fallback,explicit,TimeSeriesDict,TF; Y payload; floatComplex/complex64 from subtype source survey,N/A,Spectrum and TransferFunction are frequency-domain XML types,docs/plans/2026-09-25-diaggui-xml-product-audit.md#product-claims-and-n-a-rationale
TransferFunction/0:fallback:explicit:TimeSeriesMatrix,TransferFunction,0,fallback,explicit,TimeSeriesMatrix,TF; Y payload; floatComplex/complex64 from subtype source survey,N/A,Spectrum and TransferFunction are frequency-domain XML types,docs/plans/2026-09-25-diaggui-xml-product-audit.md#product-claims-and-n-a-rationale
TransferFunction/0:fallback:explicit:FrequencySeries,TransferFunction,0,fallback,explicit,FrequencySeries,TF; Y payload; floatComplex/complex64 from subtype source survey,unverified,Frequency-product public reader behavior was not exercised in a clean no-dttxml environment for this class and surface.,docs/plans/2026-09-25-diaggui-xml-product-audit.md#coverage-gaps
TransferFunction/0:fallback:explicit:FrequencySeriesDict,TransferFunction,0,fallback,explicit,FrequencySeriesDict,TF; Y payload; floatComplex/complex64 from subtype source survey,unverified,Frequency-product public reader behavior was not exercised in a clean no-dttxml environment for this class and surface.,docs/plans/2026-09-25-diaggui-xml-product-audit.md#coverage-gaps
TransferFunction/0:fallback:explicit:FrequencySeriesMatrix,TransferFunction,0,fallback,explicit,FrequencySeriesMatrix,TF; Y payload; floatComplex/complex64 from subtype source survey,unverified,Frequency-product public reader behavior was not exercised in a clean no-dttxml environment for this class and surface.,docs/plans/2026-09-25-diaggui-xml-product-audit.md#coverage-gaps
TransferFunction/0:fallback:auto:TimeSeries,TransferFunction,0,fallback,auto,TimeSeries,TF; Y payload; floatComplex/complex64 from subtype source survey,N/A,Spectrum and TransferFunction are frequency-domain XML types,docs/plans/2026-09-25-diaggui-xml-product-audit.md#product-claims-and-n-a-rationale
TransferFunction/0:fallback:auto:TimeSeriesDict,TransferFunction,0,fallback,auto,TimeSeriesDict,TF; Y payload; floatComplex/complex64 from subtype source survey,N/A,Spectrum and TransferFunction are frequency-domain XML types,docs/plans/2026-09-25-diaggui-xml-product-audit.md#product-claims-and-n-a-rationale
TransferFunction/0:fallback:auto:TimeSeriesMatrix,TransferFunction,0,fallback,auto,TimeSeriesMatrix,TF; Y payload; floatComplex/complex64 from subtype source survey,N/A,Spectrum and TransferFunction are frequency-domain XML types,docs/plans/2026-09-25-diaggui-xml-product-audit.md#product-claims-and-n-a-rationale
TransferFunction/0:fallback:auto:FrequencySeries,TransferFunction,0,fallback,auto,FrequencySeries,TF; Y payload; floatComplex/complex64 from subtype source survey,unverified,Frequency-product public reader behavior was not exercised in a clean no-dttxml environment for this class and surface.,docs/plans/2026-09-25-diaggui-xml-product-audit.md#coverage-gaps
TransferFunction/0:fallback:auto:FrequencySeriesDict,TransferFunction,0,fallback,auto,FrequencySeriesDict,TF; Y payload; floatComplex/complex64 from subtype source survey,unverified,Frequency-product public reader behavior was not exercised in a clean no-dttxml environment for this class and surface.,docs/plans/2026-09-25-diaggui-xml-product-audit.md#coverage-gaps
TransferFunction/0:fallback:auto:FrequencySeriesMatrix,TransferFunction,0,fallback,auto,FrequencySeriesMatrix,TF; Y payload; floatComplex/complex64 from subtype source survey,unverified,Frequency-product public reader behavior was not exercised in a clean no-dttxml environment for this class and surface.,docs/plans/2026-09-25-diaggui-xml-product-audit.md#coverage-gaps
TransferFunction/1:external:normalize:-,TransferFunction,1,external,normalize,-,STF; Y payload; floatComplex/complex64 from subtype source survey,observed,"Parser source/actual decode recognizes the declared subtype, while the current product normalizer does not emit the corresponding FFT/STF product.",docs/plans/2026-09-25-diaggui-xml-product-audit.md#fft-stf-and-other-subtypes; gwexpy/io/dttxml_common.py::load_dttxml_products
TransferFunction/1:external:explicit:TimeSeries,TransferFunction,1,external,explicit,TimeSeries,STF; Y payload; floatComplex/complex64 from subtype source survey,N/A,Spectrum and TransferFunction are frequency-domain XML types,docs/plans/2026-09-25-diaggui-xml-product-audit.md#product-claims-and-n-a-rationale
TransferFunction/1:external:explicit:TimeSeriesDict,TransferFunction,1,external,explicit,TimeSeriesDict,STF; Y payload; floatComplex/complex64 from subtype source survey,N/A,Spectrum and TransferFunction are frequency-domain XML types,docs/plans/2026-09-25-diaggui-xml-product-audit.md#product-claims-and-n-a-rationale
TransferFunction/1:external:explicit:TimeSeriesMatrix,TransferFunction,1,external,explicit,TimeSeriesMatrix,STF; Y payload; floatComplex/complex64 from subtype source survey,N/A,Spectrum and TransferFunction are frequency-domain XML types,docs/plans/2026-09-25-diaggui-xml-product-audit.md#product-claims-and-n-a-rationale
TransferFunction/1:external:explicit:FrequencySeries,TransferFunction,1,external,explicit,FrequencySeries,STF; Y payload; floatComplex/complex64 from subtype source survey,unverified,This subtype/class/backend/surface combination has no direct integrated read assertion; subtype inventory evidence does not establish every return-type and metadata route.,tests/io/test_dttxml_issue726.py; docs/plans/2026-09-25-diaggui-xml-product-audit.md#coverage-gaps
TransferFunction/1:external:explicit:FrequencySeriesDict,TransferFunction,1,external,explicit,FrequencySeriesDict,STF; Y payload; floatComplex/complex64 from subtype source survey,unverified,This subtype/class/backend/surface combination has no direct integrated read assertion; subtype inventory evidence does not establish every return-type and metadata route.,tests/io/test_dttxml_issue726.py; docs/plans/2026-09-25-diaggui-xml-product-audit.md#coverage-gaps
TransferFunction/1:external:explicit:FrequencySeriesMatrix,TransferFunction,1,external,explicit,FrequencySeriesMatrix,STF; Y payload; floatComplex/complex64 from subtype source survey,unverified,This subtype/class/backend/surface combination has no direct integrated read assertion; subtype inventory evidence does not establish every return-type and metadata route.,tests/io/test_dttxml_issue726.py; docs/plans/2026-09-25-diaggui-xml-product-audit.md#coverage-gaps
TransferFunction/1:external:auto:TimeSeries,TransferFunction,1,external,auto,TimeSeries,STF; Y payload; floatComplex/complex64 from subtype source survey,N/A,Spectrum and TransferFunction are frequency-domain XML types,docs/plans/2026-09-25-diaggui-xml-product-audit.md#product-claims-and-n-a-rationale
TransferFunction/1:external:auto:TimeSeriesDict,TransferFunction,1,external,auto,TimeSeriesDict,STF; Y payload; floatComplex/complex64 from subtype source survey,N/A,Spectrum and TransferFunction are frequency-domain XML types,docs/plans/2026-09-25-diaggui-xml-product-audit.md#product-claims-and-n-a-rationale
TransferFunction/1:external:auto:TimeSeriesMatrix,TransferFunction,1,external,auto,TimeSeriesMatrix,STF; Y payload; floatComplex/complex64 from subtype source survey,N/A,Spectrum and TransferFunction are frequency-domain XML types,docs/plans/2026-09-25-diaggui-xml-product-audit.md#product-claims-and-n-a-rationale
TransferFunction/1:external:auto:FrequencySeries,TransferFunction,1,external,auto,FrequencySeries,STF; Y payload; floatComplex/complex64 from subtype source survey,unverified,Auto identifier is present for this class but this subtype/backend auto-read combination lacks a direct positive assertion.,gwexpy/frequencyseries/io/dttxml.py:registration; docs/plans/2026-09-25-diaggui-xml-product-audit.md#registry-observations
TransferFunction/1:external:auto:FrequencySeriesDict,TransferFunction,1,external,auto,FrequencySeriesDict,STF; Y payload; floatComplex/complex64 from subtype source survey,unverified,Auto identifier is present for this class but this subtype/backend auto-read combination lacks a direct positive assertion.,gwexpy/frequencyseries/io/dttxml.py:registration; docs/plans/2026-09-25-diaggui-xml-product-audit.md#registry-observations
TransferFunction/1:external:auto:FrequencySeriesMatrix,TransferFunction,1,external,auto,FrequencySeriesMatrix,STF; Y payload; floatComplex/complex64 from subtype source survey,unverified,Auto identifier is present for this class but this subtype/backend auto-read combination lacks a direct positive assertion.,gwexpy/frequencyseries/io/dttxml.py:registration; docs/plans/2026-09-25-diaggui-xml-product-audit.md#registry-observations
TransferFunction/1:native:normalize:-,TransferFunction,1,native,normalize,-,STF; Y payload; floatComplex/complex64 from subtype source survey,observed,"Native parser subtype dispatch does not emit this product; this is an implementation gap, not evidence that the XML subtype is invalid.",gwexpy/io/dttxml_common.py::load_dttxml_native; docs/plans/2026-09-25-diaggui-xml-product-audit.md#fft-stf-and-other-subtypes
TransferFunction/1:native:explicit:TimeSeries,TransferFunction,1,native,explicit,TimeSeries,STF; Y payload; floatComplex/complex64 from subtype source survey,N/A,Spectrum and TransferFunction are frequency-domain XML types,docs/plans/2026-09-25-diaggui-xml-product-audit.md#product-claims-and-n-a-rationale
TransferFunction/1:native:explicit:TimeSeriesDict,TransferFunction,1,native,explicit,TimeSeriesDict,STF; Y payload; floatComplex/complex64 from subtype source survey,N/A,Spectrum and TransferFunction are frequency-domain XML types,docs/plans/2026-09-25-diaggui-xml-product-audit.md#product-claims-and-n-a-rationale
TransferFunction/1:native:explicit:TimeSeriesMatrix,TransferFunction,1,native,explicit,TimeSeriesMatrix,STF; Y payload; floatComplex/complex64 from subtype source survey,N/A,Spectrum and TransferFunction are frequency-domain XML types,docs/plans/2026-09-25-diaggui-xml-product-audit.md#product-claims-and-n-a-rationale
TransferFunction/1:native:explicit:FrequencySeries,TransferFunction,1,native,explicit,FrequencySeries,STF; Y payload; floatComplex/complex64 from subtype source survey,unverified,This subtype/class/backend/surface combination has no direct integrated read assertion; subtype inventory evidence does not establish every return-type and metadata route.,tests/io/test_dttxml_issue726.py; docs/plans/2026-09-25-diaggui-xml-product-audit.md#coverage-gaps
TransferFunction/1:native:explicit:FrequencySeriesDict,TransferFunction,1,native,explicit,FrequencySeriesDict,STF; Y payload; floatComplex/complex64 from subtype source survey,unverified,This subtype/class/backend/surface combination has no direct integrated read assertion; subtype inventory evidence does not establish every return-type and metadata route.,tests/io/test_dttxml_issue726.py; docs/plans/2026-09-25-diaggui-xml-product-audit.md#coverage-gaps
TransferFunction/1:native:explicit:FrequencySeriesMatrix,TransferFunction,1,native,explicit,FrequencySeriesMatrix,STF; Y payload; floatComplex/complex64 from subtype source survey,unverified,This subtype/class/backend/surface combination has no direct integrated read assertion; subtype inventory evidence does not establish every return-type and metadata route.,tests/io/test_dttxml_issue726.py; docs/plans/2026-09-25-diaggui-xml-product-audit.md#coverage-gaps
TransferFunction/1:native:auto:TimeSeries,TransferFunction,1,native,auto,TimeSeries,STF; Y payload; floatComplex/complex64 from subtype source survey,N/A,Spectrum and TransferFunction are frequency-domain XML types,docs/plans/2026-09-25-diaggui-xml-product-audit.md#product-claims-and-n-a-rationale
TransferFunction/1:native:auto:TimeSeriesDict,TransferFunction,1,native,auto,TimeSeriesDict,STF; Y payload; floatComplex/complex64 from subtype source survey,N/A,Spectrum and TransferFunction are frequency-domain XML types,docs/plans/2026-09-25-diaggui-xml-product-audit.md#product-claims-and-n-a-rationale
TransferFunction/1:native:auto:TimeSeriesMatrix,TransferFunction,1,native,auto,TimeSeriesMatrix,STF; Y payload; floatComplex/complex64 from subtype source survey,N/A,Spectrum and TransferFunction are frequency-domain XML types,docs/plans/2026-09-25-diaggui-xml-product-audit.md#product-claims-and-n-a-rationale
TransferFunction/1:native:auto:FrequencySeries,TransferFunction,1,native,auto,FrequencySeries,STF; Y payload; floatComplex/complex64 from subtype source survey,unverified,Auto identifier is present for this class but this subtype/backend auto-read combination lacks a direct positive assertion.,gwexpy/frequencyseries/io/dttxml.py:registration; docs/plans/2026-09-25-diaggui-xml-product-audit.md#registry-observations
TransferFunction/1:native:auto:FrequencySeriesDict,TransferFunction,1,native,auto,FrequencySeriesDict,STF; Y payload; floatComplex/complex64 from subtype source survey,unverified,Auto identifier is present for this class but this subtype/backend auto-read combination lacks a direct positive assertion.,gwexpy/frequencyseries/io/dttxml.py:registration; docs/plans/2026-09-25-diaggui-xml-product-audit.md#registry-observations
TransferFunction/1:native:auto:FrequencySeriesMatrix,TransferFunction,1,native,auto,FrequencySeriesMatrix,STF; Y payload; floatComplex/complex64 from subtype source survey,unverified,Auto identifier is present for this class but this subtype/backend auto-read combination lacks a direct positive assertion.,gwexpy/frequencyseries/io/dttxml.py:registration; docs/plans/2026-09-25-diaggui-xml-product-audit.md#registry-observations
TransferFunction/1:fallback:normalize:-,TransferFunction,1,fallback,normalize,-,STF; Y payload; floatComplex/complex64 from subtype source survey,unverified,This subtype was not run through a reader in a clean no-dttxml process; only Spectrum/2 CSD has a verified frequency-product fallback probe.,docs/plans/2026-09-25-diaggui-xml-product-audit.md#coverage-gaps
TransferFunction/1:fallback:explicit:TimeSeries,TransferFunction,1,fallback,explicit,TimeSeries,STF; Y payload; floatComplex/complex64 from subtype source survey,N/A,Spectrum and TransferFunction are frequency-domain XML types,docs/plans/2026-09-25-diaggui-xml-product-audit.md#product-claims-and-n-a-rationale
TransferFunction/1:fallback:explicit:TimeSeriesDict,TransferFunction,1,fallback,explicit,TimeSeriesDict,STF; Y payload; floatComplex/complex64 from subtype source survey,N/A,Spectrum and TransferFunction are frequency-domain XML types,docs/plans/2026-09-25-diaggui-xml-product-audit.md#product-claims-and-n-a-rationale
TransferFunction/1:fallback:explicit:TimeSeriesMatrix,TransferFunction,1,fallback,explicit,TimeSeriesMatrix,STF; Y payload; floatComplex/complex64 from subtype source survey,N/A,Spectrum and TransferFunction are frequency-domain XML types,docs/plans/2026-09-25-diaggui-xml-product-audit.md#product-claims-and-n-a-rationale
TransferFunction/1:fallback:explicit:FrequencySeries,TransferFunction,1,fallback,explicit,FrequencySeries,STF; Y payload; floatComplex/complex64 from subtype source survey,unverified,Frequency-product public reader behavior was not exercised in a clean no-dttxml environment for this class and surface.,docs/plans/2026-09-25-diaggui-xml-product-audit.md#coverage-gaps
TransferFunction/1:fallback:explicit:FrequencySeriesDict,TransferFunction,1,fallback,explicit,FrequencySeriesDict,STF; Y payload; floatComplex/complex64 from subtype source survey,unverified,Frequency-product public reader behavior was not exercised in a clean no-dttxml environment for this class and surface.,docs/plans/2026-09-25-diaggui-xml-product-audit.md#coverage-gaps
TransferFunction/1:fallback:explicit:FrequencySeriesMatrix,TransferFunction,1,fallback,explicit,FrequencySeriesMatrix,STF; Y payload; floatComplex/complex64 from subtype source survey,unverified,Frequency-product public reader behavior was not exercised in a clean no-dttxml environment for this class and surface.,docs/plans/2026-09-25-diaggui-xml-product-audit.md#coverage-gaps
TransferFunction/1:fallback:auto:TimeSeries,TransferFunction,1,fallback,auto,TimeSeries,STF; Y payload; floatComplex/complex64 from subtype source survey,N/A,Spectrum and TransferFunction are frequency-domain XML types,docs/plans/2026-09-25-diaggui-xml-product-audit.md#product-claims-and-n-a-rationale
TransferFunction/1:fallback:auto:TimeSeriesDict,TransferFunction,1,fallback,auto,TimeSeriesDict,STF; Y payload; floatComplex/complex64 from subtype source survey,N/A,Spectrum and TransferFunction are frequency-domain XML types,docs/plans/2026-09-25-diaggui-xml-product-audit.md#product-claims-and-n-a-rationale
TransferFunction/1:fallback:auto:TimeSeriesMatrix,TransferFunction,1,fallback,auto,TimeSeriesMatrix,STF; Y payload; floatComplex/complex64 from subtype source survey,N/A,Spectrum and TransferFunction are frequency-domain XML types,docs/plans/2026-09-25-diaggui-xml-product-audit.md#product-claims-and-n-a-rationale
TransferFunction/1:fallback:auto:FrequencySeries,TransferFunction,1,fallback,auto,FrequencySeries,STF; Y payload; floatComplex/complex64 from subtype source survey,unverified,Frequency-product public reader behavior was not exercised in a clean no-dttxml environment for this class and surface.,docs/plans/2026-09-25-diaggui-xml-product-audit.md#coverage-gaps
TransferFunction/1:fallback:auto:FrequencySeriesDict,TransferFunction,1,fallback,auto,FrequencySeriesDict,STF; Y payload; floatComplex/complex64 from subtype source survey,unverified,Frequency-product public reader behavior was not exercised in a clean no-dttxml environment for this class and surface.,docs/plans/2026-09-25-diaggui-xml-product-audit.md#coverage-gaps
TransferFunction/1:fallback:auto:FrequencySeriesMatrix,TransferFunction,1,fallback,auto,FrequencySeriesMatrix,STF; Y payload; floatComplex/complex64 from subtype source survey,unverified,Frequency-product public reader behavior was not exercised in a clean no-dttxml environment for this class and surface.,docs/plans/2026-09-25-diaggui-xml-product-audit.md#coverage-gaps
TransferFunction/2:external:normalize:-,TransferFunction,2,external,normalize,-,COH; Y payload; float/float32 from subtype source survey,observed,"Installed dttxml decodes COH Y and GWexpy source maps COH; surveyed layout only, without an integrated public reader assertion.",docs/plans/2026-09-25-diaggui-xml-product-audit.md#subtype-survey; tests/io/test_dttxml_issue726.py
TransferFunction/2:external:explicit:TimeSeries,TransferFunction,2,external,explicit,TimeSeries,COH; Y payload; float/float32 from subtype source survey,N/A,Spectrum and TransferFunction are frequency-domain XML types,docs/plans/2026-09-25-diaggui-xml-product-audit.md#product-claims-and-n-a-rationale
TransferFunction/2:external:explicit:TimeSeriesDict,TransferFunction,2,external,explicit,TimeSeriesDict,COH; Y payload; float/float32 from subtype source survey,N/A,Spectrum and TransferFunction are frequency-domain XML types,docs/plans/2026-09-25-diaggui-xml-product-audit.md#product-claims-and-n-a-rationale
TransferFunction/2:external:explicit:TimeSeriesMatrix,TransferFunction,2,external,explicit,TimeSeriesMatrix,COH; Y payload; float/float32 from subtype source survey,N/A,Spectrum and TransferFunction are frequency-domain XML types,docs/plans/2026-09-25-diaggui-xml-product-audit.md#product-claims-and-n-a-rationale
TransferFunction/2:external:explicit:FrequencySeries,TransferFunction,2,external,explicit,FrequencySeries,COH; Y payload; float/float32 from subtype source survey,unverified,This subtype/class/backend/surface combination has no direct integrated read assertion; subtype inventory evidence does not establish every return-type and metadata route.,tests/io/test_dttxml_issue726.py; docs/plans/2026-09-25-diaggui-xml-product-audit.md#coverage-gaps
TransferFunction/2:external:explicit:FrequencySeriesDict,TransferFunction,2,external,explicit,FrequencySeriesDict,COH; Y payload; float/float32 from subtype source survey,unverified,This subtype/class/backend/surface combination has no direct integrated read assertion; subtype inventory evidence does not establish every return-type and metadata route.,tests/io/test_dttxml_issue726.py; docs/plans/2026-09-25-diaggui-xml-product-audit.md#coverage-gaps
TransferFunction/2:external:explicit:FrequencySeriesMatrix,TransferFunction,2,external,explicit,FrequencySeriesMatrix,COH; Y payload; float/float32 from subtype source survey,unverified,This subtype/class/backend/surface combination has no direct integrated read assertion; subtype inventory evidence does not establish every return-type and metadata route.,tests/io/test_dttxml_issue726.py; docs/plans/2026-09-25-diaggui-xml-product-audit.md#coverage-gaps
TransferFunction/2:external:auto:TimeSeries,TransferFunction,2,external,auto,TimeSeries,COH; Y payload; float/float32 from subtype source survey,N/A,Spectrum and TransferFunction are frequency-domain XML types,docs/plans/2026-09-25-diaggui-xml-product-audit.md#product-claims-and-n-a-rationale
TransferFunction/2:external:auto:TimeSeriesDict,TransferFunction,2,external,auto,TimeSeriesDict,COH; Y payload; float/float32 from subtype source survey,N/A,Spectrum and TransferFunction are frequency-domain XML types,docs/plans/2026-09-25-diaggui-xml-product-audit.md#product-claims-and-n-a-rationale
TransferFunction/2:external:auto:TimeSeriesMatrix,TransferFunction,2,external,auto,TimeSeriesMatrix,COH; Y payload; float/float32 from subtype source survey,N/A,Spectrum and TransferFunction are frequency-domain XML types,docs/plans/2026-09-25-diaggui-xml-product-audit.md#product-claims-and-n-a-rationale
TransferFunction/2:external:auto:FrequencySeries,TransferFunction,2,external,auto,FrequencySeries,COH; Y payload; float/float32 from subtype source survey,unverified,Auto identifier is present for this class but this subtype/backend auto-read combination lacks a direct positive assertion.,gwexpy/frequencyseries/io/dttxml.py:registration; docs/plans/2026-09-25-diaggui-xml-product-audit.md#registry-observations
TransferFunction/2:external:auto:FrequencySeriesDict,TransferFunction,2,external,auto,FrequencySeriesDict,COH; Y payload; float/float32 from subtype source survey,unverified,Auto identifier is present for this class but this subtype/backend auto-read combination lacks a direct positive assertion.,gwexpy/frequencyseries/io/dttxml.py:registration; docs/plans/2026-09-25-diaggui-xml-product-audit.md#registry-observations
TransferFunction/2:external:auto:FrequencySeriesMatrix,TransferFunction,2,external,auto,FrequencySeriesMatrix,COH; Y payload; float/float32 from subtype source survey,unverified,Auto identifier is present for this class but this subtype/backend auto-read combination lacks a direct positive assertion.,gwexpy/frequencyseries/io/dttxml.py:registration; docs/plans/2026-09-25-diaggui-xml-product-audit.md#registry-observations
TransferFunction/2:native:normalize:-,TransferFunction,2,native,normalize,-,COH; Y payload; float/float32 from subtype source survey,observed,Native dispatch recognizes TransferFunction/2 as COH Y; surveyed source behavior lacks an independent integrated value/metadata fixture for this row.,gwexpy/io/dttxml_common.py::load_dttxml_native; docs/plans/2026-09-25-diaggui-xml-product-audit.md#subtype-survey
TransferFunction/2:native:explicit:TimeSeries,TransferFunction,2,native,explicit,TimeSeries,COH; Y payload; float/float32 from subtype source survey,N/A,Spectrum and TransferFunction are frequency-domain XML types,docs/plans/2026-09-25-diaggui-xml-product-audit.md#product-claims-and-n-a-rationale
TransferFunction/2:native:explicit:TimeSeriesDict,TransferFunction,2,native,explicit,TimeSeriesDict,COH; Y payload; float/float32 from subtype source survey,N/A,Spectrum and TransferFunction are frequency-domain XML types,docs/plans/2026-09-25-diaggui-xml-product-audit.md#product-claims-and-n-a-rationale
TransferFunction/2:native:explicit:TimeSeriesMatrix,TransferFunction,2,native,explicit,TimeSeriesMatrix,COH; Y payload; float/float32 from subtype source survey,N/A,Spectrum and TransferFunction are frequency-domain XML types,docs/plans/2026-09-25-diaggui-xml-product-audit.md#product-claims-and-n-a-rationale
TransferFunction/2:native:explicit:FrequencySeries,TransferFunction,2,native,explicit,FrequencySeries,COH; Y payload; float/float32 from subtype source survey,unverified,This subtype/class/backend/surface combination has no direct integrated read assertion; subtype inventory evidence does not establish every return-type and metadata route.,tests/io/test_dttxml_issue726.py; docs/plans/2026-09-25-diaggui-xml-product-audit.md#coverage-gaps
TransferFunction/2:native:explicit:FrequencySeriesDict,TransferFunction,2,native,explicit,FrequencySeriesDict,COH; Y payload; float/float32 from subtype source survey,unverified,This subtype/class/backend/surface combination has no direct integrated read assertion; subtype inventory evidence does not establish every return-type and metadata route.,tests/io/test_dttxml_issue726.py; docs/plans/2026-09-25-diaggui-xml-product-audit.md#coverage-gaps
TransferFunction/2:native:explicit:FrequencySeriesMatrix,TransferFunction,2,native,explicit,FrequencySeriesMatrix,COH; Y payload; float/float32 from subtype source survey,unverified,This subtype/class/backend/surface combination has no direct integrated read assertion; subtype inventory evidence does not establish every return-type and metadata route.,tests/io/test_dttxml_issue726.py; docs/plans/2026-09-25-diaggui-xml-product-audit.md#coverage-gaps
TransferFunction/2:native:auto:TimeSeries,TransferFunction,2,native,auto,TimeSeries,COH; Y payload; float/float32 from subtype source survey,N/A,Spectrum and TransferFunction are frequency-domain XML types,docs/plans/2026-09-25-diaggui-xml-product-audit.md#product-claims-and-n-a-rationale
TransferFunction/2:native:auto:TimeSeriesDict,TransferFunction,2,native,auto,TimeSeriesDict,COH; Y payload; float/float32 from subtype source survey,N/A,Spectrum and TransferFunction are frequency-domain XML types,docs/plans/2026-09-25-diaggui-xml-product-audit.md#product-claims-and-n-a-rationale
TransferFunction/2:native:auto:TimeSeriesMatrix,TransferFunction,2,native,auto,TimeSeriesMatrix,COH; Y payload; float/float32 from subtype source survey,N/A,Spectrum and TransferFunction are frequency-domain XML types,docs/plans/2026-09-25-diaggui-xml-product-audit.md#product-claims-and-n-a-rationale
TransferFunction/2:native:auto:FrequencySeries,TransferFunction,2,native,auto,FrequencySeries,COH; Y payload; float/float32 from subtype source survey,unverified,Auto identifier is present for this class but this subtype/backend auto-read combination lacks a direct positive assertion.,gwexpy/frequencyseries/io/dttxml.py:registration; docs/plans/2026-09-25-diaggui-xml-product-audit.md#registry-observations
TransferFunction/2:native:auto:FrequencySeriesDict,TransferFunction,2,native,auto,FrequencySeriesDict,COH; Y payload; float/float32 from subtype source survey,unverified,Auto identifier is present for this class but this subtype/backend auto-read combination lacks a direct positive assertion.,gwexpy/frequencyseries/io/dttxml.py:registration; docs/plans/2026-09-25-diaggui-xml-product-audit.md#registry-observations
TransferFunction/2:native:auto:FrequencySeriesMatrix,TransferFunction,2,native,auto,FrequencySeriesMatrix,COH; Y payload; float/float32 from subtype source survey,unverified,Auto identifier is present for this class but this subtype/backend auto-read combination lacks a direct positive assertion.,gwexpy/frequencyseries/io/dttxml.py:registration; docs/plans/2026-09-25-diaggui-xml-product-audit.md#registry-observations
TransferFunction/2:fallback:normalize:-,TransferFunction,2,fallback,normalize,-,COH; Y payload; float/float32 from subtype source survey,unverified,This subtype was not run through a reader in a clean no-dttxml process; only Spectrum/2 CSD has a verified frequency-product fallback probe.,docs/plans/2026-09-25-diaggui-xml-product-audit.md#coverage-gaps
TransferFunction/2:fallback:explicit:TimeSeries,TransferFunction,2,fallback,explicit,TimeSeries,COH; Y payload; float/float32 from subtype source survey,N/A,Spectrum and TransferFunction are frequency-domain XML types,docs/plans/2026-09-25-diaggui-xml-product-audit.md#product-claims-and-n-a-rationale
TransferFunction/2:fallback:explicit:TimeSeriesDict,TransferFunction,2,fallback,explicit,TimeSeriesDict,COH; Y payload; float/float32 from subtype source survey,N/A,Spectrum and TransferFunction are frequency-domain XML types,docs/plans/2026-09-25-diaggui-xml-product-audit.md#product-claims-and-n-a-rationale
TransferFunction/2:fallback:explicit:TimeSeriesMatrix,TransferFunction,2,fallback,explicit,TimeSeriesMatrix,COH; Y payload; float/float32 from subtype source survey,N/A,Spectrum and TransferFunction are frequency-domain XML types,docs/plans/2026-09-25-diaggui-xml-product-audit.md#product-claims-and-n-a-rationale
TransferFunction/2:fallback:explicit:FrequencySeries,TransferFunction,2,fallback,explicit,FrequencySeries,COH; Y payload; float/float32 from subtype source survey,unverified,Frequency-product public reader behavior was not exercised in a clean no-dttxml environment for this class and surface.,docs/plans/2026-09-25-diaggui-xml-product-audit.md#coverage-gaps
TransferFunction/2:fallback:explicit:FrequencySeriesDict,TransferFunction,2,fallback,explicit,FrequencySeriesDict,COH; Y payload; float/float32 from subtype source survey,unverified,Frequency-product public reader behavior was not exercised in a clean no-dttxml environment for this class and surface.,docs/plans/2026-09-25-diaggui-xml-product-audit.md#coverage-gaps
TransferFunction/2:fallback:explicit:FrequencySeriesMatrix,TransferFunction,2,fallback,explicit,FrequencySeriesMatrix,COH; Y payload; float/float32 from subtype source survey,unverified,Frequency-product public reader behavior was not exercised in a clean no-dttxml environment for this class and surface.,docs/plans/2026-09-25-diaggui-xml-product-audit.md#coverage-gaps
TransferFunction/2:fallback:auto:TimeSeries,TransferFunction,2,fallback,auto,TimeSeries,COH; Y payload; float/float32 from subtype source survey,N/A,Spectrum and TransferFunction are frequency-domain XML types,docs/plans/2026-09-25-diaggui-xml-product-audit.md#product-claims-and-n-a-rationale
TransferFunction/2:fallback:auto:TimeSeriesDict,TransferFunction,2,fallback,auto,TimeSeriesDict,COH; Y payload; float/float32 from subtype source survey,N/A,Spectrum and TransferFunction are frequency-domain XML types,docs/plans/2026-09-25-diaggui-xml-product-audit.md#product-claims-and-n-a-rationale
TransferFunction/2:fallback:auto:TimeSeriesMatrix,TransferFunction,2,fallback,auto,TimeSeriesMatrix,COH; Y payload; float/float32 from subtype source survey,N/A,Spectrum and TransferFunction are frequency-domain XML types,docs/plans/2026-09-25-diaggui-xml-product-audit.md#product-claims-and-n-a-rationale
TransferFunction/2:fallback:auto:FrequencySeries,TransferFunction,2,fallback,auto,FrequencySeries,COH; Y payload; float/float32 from subtype source survey,unverified,Frequency-product public reader behavior was not exercised in a clean no-dttxml environment for this class and surface.,docs/plans/2026-09-25-diaggui-xml-product-audit.md#coverage-gaps
TransferFunction/2:fallback:auto:FrequencySeriesDict,TransferFunction,2,fallback,auto,FrequencySeriesDict,COH; Y payload; float/float32 from subtype source survey,unverified,Frequency-product public reader behavior was not exercised in a clean no-dttxml environment for this class and surface.,docs/plans/2026-09-25-diaggui-xml-product-audit.md#coverage-gaps
TransferFunction/2:fallback:auto:FrequencySeriesMatrix,TransferFunction,2,fallback,auto,FrequencySeriesMatrix,COH; Y payload; float/float32 from subtype source survey,unverified,Frequency-product public reader behavior was not exercised in a clean no-dttxml environment for this class and surface.,docs/plans/2026-09-25-diaggui-xml-product-audit.md#coverage-gaps
TransferFunction/3:external:normalize:-,TransferFunction,3,external,normalize,-,"TF; embedded (f,Y) payload; complex64 samples from subtype source survey",verified,Installed dttxml normalization and decoded payload are covered by an existing verified fixture/test for this subtype.,tests/io/test_dttxml_issue726.py; tests/io/dttxml_audit/test_subtypes.py
TransferFunction/3:external:explicit:TimeSeries,TransferFunction,3,external,explicit,TimeSeries,"TF; embedded (f,Y) payload; complex64 samples from subtype source survey",N/A,Spectrum and TransferFunction are frequency-domain XML types,docs/plans/2026-09-25-diaggui-xml-product-audit.md#product-claims-and-n-a-rationale
TransferFunction/3:external:explicit:TimeSeriesDict,TransferFunction,3,external,explicit,TimeSeriesDict,"TF; embedded (f,Y) payload; complex64 samples from subtype source survey",N/A,Spectrum and TransferFunction are frequency-domain XML types,docs/plans/2026-09-25-diaggui-xml-product-audit.md#product-claims-and-n-a-rationale
TransferFunction/3:external:explicit:TimeSeriesMatrix,TransferFunction,3,external,explicit,TimeSeriesMatrix,"TF; embedded (f,Y) payload; complex64 samples from subtype source survey",N/A,Spectrum and TransferFunction are frequency-domain XML types,docs/plans/2026-09-25-diaggui-xml-product-audit.md#product-claims-and-n-a-rationale
TransferFunction/3:external:explicit:FrequencySeries,TransferFunction,3,external,explicit,FrequencySeries,"TF; embedded (f,Y) payload; complex64 samples from subtype source survey",unverified,This subtype/class/backend/surface combination has no direct integrated read assertion; subtype inventory evidence does not establish every return-type and metadata route.,tests/io/test_dttxml_issue726.py; docs/plans/2026-09-25-diaggui-xml-product-audit.md#coverage-gaps
TransferFunction/3:external:explicit:FrequencySeriesDict,TransferFunction,3,external,explicit,FrequencySeriesDict,"TF; embedded (f,Y) payload; complex64 samples from subtype source survey",unverified,This subtype/class/backend/surface combination has no direct integrated read assertion; subtype inventory evidence does not establish every return-type and metadata route.,tests/io/test_dttxml_issue726.py; docs/plans/2026-09-25-diaggui-xml-product-audit.md#coverage-gaps
TransferFunction/3:external:explicit:FrequencySeriesMatrix,TransferFunction,3,external,explicit,FrequencySeriesMatrix,"TF; embedded (f,Y) payload; complex64 samples from subtype source survey",verified,"This subtype/class/backend/surface has a positive integrated assertion for values, coordinates, pair direction, and applicable metadata.",tests/io/test_dttxml_issue726.py; tests/io/dttxml_audit/test_readers.py
TransferFunction/3:external:auto:TimeSeries,TransferFunction,3,external,auto,TimeSeries,"TF; embedded (f,Y) payload; complex64 samples from subtype source survey",N/A,Spectrum and TransferFunction are frequency-domain XML types,docs/plans/2026-09-25-diaggui-xml-product-audit.md#product-claims-and-n-a-rationale
TransferFunction/3:external:auto:TimeSeriesDict,TransferFunction,3,external,auto,TimeSeriesDict,"TF; embedded (f,Y) payload; complex64 samples from subtype source survey",N/A,Spectrum and TransferFunction are frequency-domain XML types,docs/plans/2026-09-25-diaggui-xml-product-audit.md#product-claims-and-n-a-rationale
TransferFunction/3:external:auto:TimeSeriesMatrix,TransferFunction,3,external,auto,TimeSeriesMatrix,"TF; embedded (f,Y) payload; complex64 samples from subtype source survey",N/A,Spectrum and TransferFunction are frequency-domain XML types,docs/plans/2026-09-25-diaggui-xml-product-audit.md#product-claims-and-n-a-rationale
TransferFunction/3:external:auto:FrequencySeries,TransferFunction,3,external,auto,FrequencySeries,"TF; embedded (f,Y) payload; complex64 samples from subtype source survey",unverified,Auto identifier is present for this class but this subtype/backend auto-read combination lacks a direct positive assertion.,gwexpy/frequencyseries/io/dttxml.py:registration; docs/plans/2026-09-25-diaggui-xml-product-audit.md#registry-observations
TransferFunction/3:external:auto:FrequencySeriesDict,TransferFunction,3,external,auto,FrequencySeriesDict,"TF; embedded (f,Y) payload; complex64 samples from subtype source survey",unverified,Auto identifier is present for this class but this subtype/backend auto-read combination lacks a direct positive assertion.,gwexpy/frequencyseries/io/dttxml.py:registration; docs/plans/2026-09-25-diaggui-xml-product-audit.md#registry-observations
TransferFunction/3:external:auto:FrequencySeriesMatrix,TransferFunction,3,external,auto,FrequencySeriesMatrix,"TF; embedded (f,Y) payload; complex64 samples from subtype source survey",unverified,Auto identifier is present for this class but this subtype/backend auto-read combination lacks a direct positive assertion.,gwexpy/frequencyseries/io/dttxml.py:registration; docs/plans/2026-09-25-diaggui-xml-product-audit.md#registry-observations
TransferFunction/3:native:normalize:-,TransferFunction,3,native,normalize,-,"TF; embedded (f,Y) payload; complex64 samples from subtype source survey",verified,Native normalized payload values and reader behavior are asserted by the integrated positive characterization.,tests/io/test_dttxml_issue726.py; tests/io/dttxml_audit/test_subtypes.py
TransferFunction/3:native:explicit:TimeSeries,TransferFunction,3,native,explicit,TimeSeries,"TF; embedded (f,Y) payload; complex64 samples from subtype source survey",N/A,Spectrum and TransferFunction are frequency-domain XML types,docs/plans/2026-09-25-diaggui-xml-product-audit.md#product-claims-and-n-a-rationale
TransferFunction/3:native:explicit:TimeSeriesDict,TransferFunction,3,native,explicit,TimeSeriesDict,"TF; embedded (f,Y) payload; complex64 samples from subtype source survey",N/A,Spectrum and TransferFunction are frequency-domain XML types,docs/plans/2026-09-25-diaggui-xml-product-audit.md#product-claims-and-n-a-rationale
TransferFunction/3:native:explicit:TimeSeriesMatrix,TransferFunction,3,native,explicit,TimeSeriesMatrix,"TF; embedded (f,Y) payload; complex64 samples from subtype source survey",N/A,Spectrum and TransferFunction are frequency-domain XML types,docs/plans/2026-09-25-diaggui-xml-product-audit.md#product-claims-and-n-a-rationale
TransferFunction/3:native:explicit:FrequencySeries,TransferFunction,3,native,explicit,FrequencySeries,"TF; embedded (f,Y) payload; complex64 samples from subtype source survey",unverified,This subtype/class/backend/surface combination has no direct integrated read assertion; subtype inventory evidence does not establish every return-type and metadata route.,tests/io/test_dttxml_issue726.py; docs/plans/2026-09-25-diaggui-xml-product-audit.md#coverage-gaps
TransferFunction/3:native:explicit:FrequencySeriesDict,TransferFunction,3,native,explicit,FrequencySeriesDict,"TF; embedded (f,Y) payload; complex64 samples from subtype source survey",unverified,This subtype/class/backend/surface combination has no direct integrated read assertion; subtype inventory evidence does not establish every return-type and metadata route.,tests/io/test_dttxml_issue726.py; docs/plans/2026-09-25-diaggui-xml-product-audit.md#coverage-gaps
TransferFunction/3:native:explicit:FrequencySeriesMatrix,TransferFunction,3,native,explicit,FrequencySeriesMatrix,"TF; embedded (f,Y) payload; complex64 samples from subtype source survey",verified,"This subtype/class/backend/surface has a positive integrated assertion for values, coordinates, pair direction, and applicable metadata.",tests/io/test_dttxml_issue726.py; tests/io/dttxml_audit/test_readers.py
TransferFunction/3:native:auto:TimeSeries,TransferFunction,3,native,auto,TimeSeries,"TF; embedded (f,Y) payload; complex64 samples from subtype source survey",N/A,Spectrum and TransferFunction are frequency-domain XML types,docs/plans/2026-09-25-diaggui-xml-product-audit.md#product-claims-and-n-a-rationale
TransferFunction/3:native:auto:TimeSeriesDict,TransferFunction,3,native,auto,TimeSeriesDict,"TF; embedded (f,Y) payload; complex64 samples from subtype source survey",N/A,Spectrum and TransferFunction are frequency-domain XML types,docs/plans/2026-09-25-diaggui-xml-product-audit.md#product-claims-and-n-a-rationale
TransferFunction/3:native:auto:TimeSeriesMatrix,TransferFunction,3,native,auto,TimeSeriesMatrix,"TF; embedded (f,Y) payload; complex64 samples from subtype source survey",N/A,Spectrum and TransferFunction are frequency-domain XML types,docs/plans/2026-09-25-diaggui-xml-product-audit.md#product-claims-and-n-a-rationale
TransferFunction/3:native:auto:FrequencySeries,TransferFunction,3,native,auto,FrequencySeries,"TF; embedded (f,Y) payload; complex64 samples from subtype source survey",unverified,Auto identifier is present for this class but this subtype/backend auto-read combination lacks a direct positive assertion.,gwexpy/frequencyseries/io/dttxml.py:registration; docs/plans/2026-09-25-diaggui-xml-product-audit.md#registry-observations
TransferFunction/3:native:auto:FrequencySeriesDict,TransferFunction,3,native,auto,FrequencySeriesDict,"TF; embedded (f,Y) payload; complex64 samples from subtype source survey",unverified,Auto identifier is present for this class but this subtype/backend auto-read combination lacks a direct positive assertion.,gwexpy/frequencyseries/io/dttxml.py:registration; docs/plans/2026-09-25-diaggui-xml-product-audit.md#registry-observations
TransferFunction/3:native:auto:FrequencySeriesMatrix,TransferFunction,3,native,auto,FrequencySeriesMatrix,"TF; embedded (f,Y) payload; complex64 samples from subtype source survey",unverified,Auto identifier is present for this class but this subtype/backend auto-read combination lacks a direct positive assertion.,gwexpy/frequencyseries/io/dttxml.py:registration; docs/plans/2026-09-25-diaggui-xml-product-audit.md#registry-observations
TransferFunction/3:fallback:normalize:-,TransferFunction,3,fallback,normalize,-,"TF; embedded (f,Y) payload; complex64 samples from subtype source survey",unverified,This subtype was not run through a reader in a clean no-dttxml process; only Spectrum/2 CSD has a verified frequency-product fallback probe.,docs/plans/2026-09-25-diaggui-xml-product-audit.md#coverage-gaps
TransferFunction/3:fallback:explicit:TimeSeries,TransferFunction,3,fallback,explicit,TimeSeries,"TF; embedded (f,Y) payload; complex64 samples from subtype source survey",N/A,Spectrum and TransferFunction are frequency-domain XML types,docs/plans/2026-09-25-diaggui-xml-product-audit.md#product-claims-and-n-a-rationale
TransferFunction/3:fallback:explicit:TimeSeriesDict,TransferFunction,3,fallback,explicit,TimeSeriesDict,"TF; embedded (f,Y) payload; complex64 samples from subtype source survey",N/A,Spectrum and TransferFunction are frequency-domain XML types,docs/plans/2026-09-25-diaggui-xml-product-audit.md#product-claims-and-n-a-rationale
TransferFunction/3:fallback:explicit:TimeSeriesMatrix,TransferFunction,3,fallback,explicit,TimeSeriesMatrix,"TF; embedded (f,Y) payload; complex64 samples from subtype source survey",N/A,Spectrum and TransferFunction are frequency-domain XML types,docs/plans/2026-09-25-diaggui-xml-product-audit.md#product-claims-and-n-a-rationale
TransferFunction/3:fallback:explicit:FrequencySeries,TransferFunction,3,fallback,explicit,FrequencySeries,"TF; embedded (f,Y) payload; complex64 samples from subtype source survey",unverified,Frequency-product public reader behavior was not exercised in a clean no-dttxml environment for this class and surface.,docs/plans/2026-09-25-diaggui-xml-product-audit.md#coverage-gaps
TransferFunction/3:fallback:explicit:FrequencySeriesDict,TransferFunction,3,fallback,explicit,FrequencySeriesDict,"TF; embedded (f,Y) payload; complex64 samples from subtype source survey",unverified,Frequency-product public reader behavior was not exercised in a clean no-dttxml environment for this class and surface.,docs/plans/2026-09-25-diaggui-xml-product-audit.md#coverage-gaps
TransferFunction/3:fallback:explicit:FrequencySeriesMatrix,TransferFunction,3,fallback,explicit,FrequencySeriesMatrix,"TF; embedded (f,Y) payload; complex64 samples from subtype source survey",unverified,Frequency-product public reader behavior was not exercised in a clean no-dttxml environment for this class and surface.,docs/plans/2026-09-25-diaggui-xml-product-audit.md#coverage-gaps
TransferFunction/3:fallback:auto:TimeSeries,TransferFunction,3,fallback,auto,TimeSeries,"TF; embedded (f,Y) payload; complex64 samples from subtype source survey",N/A,Spectrum and TransferFunction are frequency-domain XML types,docs/plans/2026-09-25-diaggui-xml-product-audit.md#product-claims-and-n-a-rationale
TransferFunction/3:fallback:auto:TimeSeriesDict,TransferFunction,3,fallback,auto,TimeSeriesDict,"TF; embedded (f,Y) payload; complex64 samples from subtype source survey",N/A,Spectrum and TransferFunction are frequency-domain XML types,docs/plans/2026-09-25-diaggui-xml-product-audit.md#product-claims-and-n-a-rationale
TransferFunction/3:fallback:auto:TimeSeriesMatrix,TransferFunction,3,fallback,auto,TimeSeriesMatrix,"TF; embedded (f,Y) payload; complex64 samples from subtype source survey",N/A,Spectrum and TransferFunction are frequency-domain XML types,docs/plans/2026-09-25-diaggui-xml-product-audit.md#product-claims-and-n-a-rationale
TransferFunction/3:fallback:auto:FrequencySeries,TransferFunction,3,fallback,auto,FrequencySeries,"TF; embedded (f,Y) payload; complex64 samples from subtype source survey",unverified,Frequency-product public reader behavior was not exercised in a clean no-dttxml environment for this class and surface.,docs/plans/2026-09-25-diaggui-xml-product-audit.md#coverage-gaps
TransferFunction/3:fallback:auto:FrequencySeriesDict,TransferFunction,3,fallback,auto,FrequencySeriesDict,"TF; embedded (f,Y) payload; complex64 samples from subtype source survey",unverified,Frequency-product public reader behavior was not exercised in a clean no-dttxml environment for this class and surface.,docs/plans/2026-09-25-diaggui-xml-product-audit.md#coverage-gaps
TransferFunction/3:fallback:auto:FrequencySeriesMatrix,TransferFunction,3,fallback,auto,FrequencySeriesMatrix,"TF; embedded (f,Y) payload; complex64 samples from subtype source survey",unverified,Frequency-product public reader behavior was not exercised in a clean no-dttxml environment for this class and surface.,docs/plans/2026-09-25-diaggui-xml-product-audit.md#coverage-gaps
TransferFunction/4:external:normalize:-,TransferFunction,4,external,normalize,-,"STF; embedded (f,Y) payload; complex64 samples from subtype source survey",observed,"Installed dttxml decodes STF with embedded (f,Y), but GWexpy normalizer omits STF; observed product gap for this surveyed layout.",docs/plans/2026-09-25-diaggui-xml-product-audit.md#subtype-survey; tests/io/test_dttxml_issue726.py
TransferFunction/4:external:explicit:TimeSeries,TransferFunction,4,external,explicit,TimeSeries,"STF; embedded (f,Y) payload; complex64 samples from subtype source survey",N/A,Spectrum and TransferFunction are frequency-domain XML types,docs/plans/2026-09-25-diaggui-xml-product-audit.md#product-claims-and-n-a-rationale
TransferFunction/4:external:explicit:TimeSeriesDict,TransferFunction,4,external,explicit,TimeSeriesDict,"STF; embedded (f,Y) payload; complex64 samples from subtype source survey",N/A,Spectrum and TransferFunction are frequency-domain XML types,docs/plans/2026-09-25-diaggui-xml-product-audit.md#product-claims-and-n-a-rationale
TransferFunction/4:external:explicit:TimeSeriesMatrix,TransferFunction,4,external,explicit,TimeSeriesMatrix,"STF; embedded (f,Y) payload; complex64 samples from subtype source survey",N/A,Spectrum and TransferFunction are frequency-domain XML types,docs/plans/2026-09-25-diaggui-xml-product-audit.md#product-claims-and-n-a-rationale
TransferFunction/4:external:explicit:FrequencySeries,TransferFunction,4,external,explicit,FrequencySeries,"STF; embedded (f,Y) payload; complex64 samples from subtype source survey",unverified,This subtype/class/backend/surface combination has no direct integrated read assertion; subtype inventory evidence does not establish every return-type and metadata route.,tests/io/test_dttxml_issue726.py; docs/plans/2026-09-25-diaggui-xml-product-audit.md#coverage-gaps
TransferFunction/4:external:explicit:FrequencySeriesDict,TransferFunction,4,external,explicit,FrequencySeriesDict,"STF; embedded (f,Y) payload; complex64 samples from subtype source survey",unverified,This subtype/class/backend/surface combination has no direct integrated read assertion; subtype inventory evidence does not establish every return-type and metadata route.,tests/io/test_dttxml_issue726.py; docs/plans/2026-09-25-diaggui-xml-product-audit.md#coverage-gaps
TransferFunction/4:external:explicit:FrequencySeriesMatrix,TransferFunction,4,external,explicit,FrequencySeriesMatrix,"STF; embedded (f,Y) payload; complex64 samples from subtype source survey",unverified,This subtype/class/backend/surface combination has no direct integrated read assertion; subtype inventory evidence does not establish every return-type and metadata route.,tests/io/test_dttxml_issue726.py; docs/plans/2026-09-25-diaggui-xml-product-audit.md#coverage-gaps
TransferFunction/4:external:auto:TimeSeries,TransferFunction,4,external,auto,TimeSeries,"STF; embedded (f,Y) payload; complex64 samples from subtype source survey",N/A,Spectrum and TransferFunction are frequency-domain XML types,docs/plans/2026-09-25-diaggui-xml-product-audit.md#product-claims-and-n-a-rationale
TransferFunction/4:external:auto:TimeSeriesDict,TransferFunction,4,external,auto,TimeSeriesDict,"STF; embedded (f,Y) payload; complex64 samples from subtype source survey",N/A,Spectrum and TransferFunction are frequency-domain XML types,docs/plans/2026-09-25-diaggui-xml-product-audit.md#product-claims-and-n-a-rationale
TransferFunction/4:external:auto:TimeSeriesMatrix,TransferFunction,4,external,auto,TimeSeriesMatrix,"STF; embedded (f,Y) payload; complex64 samples from subtype source survey",N/A,Spectrum and TransferFunction are frequency-domain XML types,docs/plans/2026-09-25-diaggui-xml-product-audit.md#product-claims-and-n-a-rationale
TransferFunction/4:external:auto:FrequencySeries,TransferFunction,4,external,auto,FrequencySeries,"STF; embedded (f,Y) payload; complex64 samples from subtype source survey",unverified,Auto identifier is present for this class but this subtype/backend auto-read combination lacks a direct positive assertion.,gwexpy/frequencyseries/io/dttxml.py:registration; docs/plans/2026-09-25-diaggui-xml-product-audit.md#registry-observations
TransferFunction/4:external:auto:FrequencySeriesDict,TransferFunction,4,external,auto,FrequencySeriesDict,"STF; embedded (f,Y) payload; complex64 samples from subtype source survey",unverified,Auto identifier is present for this class but this subtype/backend auto-read combination lacks a direct positive assertion.,gwexpy/frequencyseries/io/dttxml.py:registration; docs/plans/2026-09-25-diaggui-xml-product-audit.md#registry-observations
TransferFunction/4:external:auto:FrequencySeriesMatrix,TransferFunction,4,external,auto,FrequencySeriesMatrix,"STF; embedded (f,Y) payload; complex64 samples from subtype source survey",unverified,Auto identifier is present for this class but this subtype/backend auto-read combination lacks a direct positive assertion.,gwexpy/frequencyseries/io/dttxml.py:registration; docs/plans/2026-09-25-diaggui-xml-product-audit.md#registry-observations
TransferFunction/4:native:normalize:-,TransferFunction,4,native,normalize,-,"STF; embedded (f,Y) payload; complex64 samples from subtype source survey",observed,Native TransferFunction dispatch has no entry for this subtype; this is an observed implementation limit for the surveyed source-backed layout.,gwexpy/io/dttxml_common.py::load_dttxml_native; docs/plans/2026-09-25-diaggui-xml-product-audit.md#subtype-survey
TransferFunction/4:native:explicit:TimeSeries,TransferFunction,4,native,explicit,TimeSeries,"STF; embedded (f,Y) payload; complex64 samples from subtype source survey",N/A,Spectrum and TransferFunction are frequency-domain XML types,docs/plans/2026-09-25-diaggui-xml-product-audit.md#product-claims-and-n-a-rationale
TransferFunction/4:native:explicit:TimeSeriesDict,TransferFunction,4,native,explicit,TimeSeriesDict,"STF; embedded (f,Y) payload; complex64 samples from subtype source survey",N/A,Spectrum and TransferFunction are frequency-domain XML types,docs/plans/2026-09-25-diaggui-xml-product-audit.md#product-claims-and-n-a-rationale
TransferFunction/4:native:explicit:TimeSeriesMatrix,TransferFunction,4,native,explicit,TimeSeriesMatrix,"STF; embedded (f,Y) payload; complex64 samples from subtype source survey",N/A,Spectrum and TransferFunction are frequency-domain XML types,docs/plans/2026-09-25-diaggui-xml-product-audit.md#product-claims-and-n-a-rationale
TransferFunction/4:native:explicit:FrequencySeries,TransferFunction,4,native,explicit,FrequencySeries,"STF; embedded (f,Y) payload; complex64 samples from subtype source survey",unverified,This subtype/class/backend/surface combination has no direct integrated read assertion; subtype inventory evidence does not establish every return-type and metadata route.,tests/io/test_dttxml_issue726.py; docs/plans/2026-09-25-diaggui-xml-product-audit.md#coverage-gaps
TransferFunction/4:native:explicit:FrequencySeriesDict,TransferFunction,4,native,explicit,FrequencySeriesDict,"STF; embedded (f,Y) payload; complex64 samples from subtype source survey",unverified,This subtype/class/backend/surface combination has no direct integrated read assertion; subtype inventory evidence does not establish every return-type and metadata route.,tests/io/test_dttxml_issue726.py; docs/plans/2026-09-25-diaggui-xml-product-audit.md#coverage-gaps
TransferFunction/4:native:explicit:FrequencySeriesMatrix,TransferFunction,4,native,explicit,FrequencySeriesMatrix,"STF; embedded (f,Y) payload; complex64 samples from subtype source survey",unverified,This subtype/class/backend/surface combination has no direct integrated read assertion; subtype inventory evidence does not establish every return-type and metadata route.,tests/io/test_dttxml_issue726.py; docs/plans/2026-09-25-diaggui-xml-product-audit.md#coverage-gaps
TransferFunction/4:native:auto:TimeSeries,TransferFunction,4,native,auto,TimeSeries,"STF; embedded (f,Y) payload; complex64 samples from subtype source survey",N/A,Spectrum and TransferFunction are frequency-domain XML types,docs/plans/2026-09-25-diaggui-xml-product-audit.md#product-claims-and-n-a-rationale
TransferFunction/4:native:auto:TimeSeriesDict,TransferFunction,4,native,auto,TimeSeriesDict,"STF; embedded (f,Y) payload; complex64 samples from subtype source survey",N/A,Spectrum and TransferFunction are frequency-domain XML types,docs/plans/2026-09-25-diaggui-xml-product-audit.md#product-claims-and-n-a-rationale
TransferFunction/4:native:auto:TimeSeriesMatrix,TransferFunction,4,native,auto,TimeSeriesMatrix,"STF; embedded (f,Y) payload; complex64 samples from subtype source survey",N/A,Spectrum and TransferFunction are frequency-domain XML types,docs/plans/2026-09-25-diaggui-xml-product-audit.md#product-claims-and-n-a-rationale
TransferFunction/4:native:auto:FrequencySeries,TransferFunction,4,native,auto,FrequencySeries,"STF; embedded (f,Y) payload; complex64 samples from subtype source survey",unverified,Auto identifier is present for this class but this subtype/backend auto-read combination lacks a direct positive assertion.,gwexpy/frequencyseries/io/dttxml.py:registration; docs/plans/2026-09-25-diaggui-xml-product-audit.md#registry-observations
TransferFunction/4:native:auto:FrequencySeriesDict,TransferFunction,4,native,auto,FrequencySeriesDict,"STF; embedded (f,Y) payload; complex64 samples from subtype source survey",unverified,Auto identifier is present for this class but this subtype/backend auto-read combination lacks a direct positive assertion.,gwexpy/frequencyseries/io/dttxml.py:registration; docs/plans/2026-09-25-diaggui-xml-product-audit.md#registry-observations
TransferFunction/4:native:auto:FrequencySeriesMatrix,TransferFunction,4,native,auto,FrequencySeriesMatrix,"STF; embedded (f,Y) payload; complex64 samples from subtype source survey",unverified,Auto identifier is present for this class but this subtype/backend auto-read combination lacks a direct positive assertion.,gwexpy/frequencyseries/io/dttxml.py:registration; docs/plans/2026-09-25-diaggui-xml-product-audit.md#registry-observations
TransferFunction/4:fallback:normalize:-,TransferFunction,4,fallback,normalize,-,"STF; embedded (f,Y) payload; complex64 samples from subtype source survey",unverified,This subtype was not run through a reader in a clean no-dttxml process; only Spectrum/2 CSD has a verified frequency-product fallback probe.,docs/plans/2026-09-25-diaggui-xml-product-audit.md#coverage-gaps
TransferFunction/4:fallback:explicit:TimeSeries,TransferFunction,4,fallback,explicit,TimeSeries,"STF; embedded (f,Y) payload; complex64 samples from subtype source survey",N/A,Spectrum and TransferFunction are frequency-domain XML types,docs/plans/2026-09-25-diaggui-xml-product-audit.md#product-claims-and-n-a-rationale
TransferFunction/4:fallback:explicit:TimeSeriesDict,TransferFunction,4,fallback,explicit,TimeSeriesDict,"STF; embedded (f,Y) payload; complex64 samples from subtype source survey",N/A,Spectrum and TransferFunction are frequency-domain XML types,docs/plans/2026-09-25-diaggui-xml-product-audit.md#product-claims-and-n-a-rationale
TransferFunction/4:fallback:explicit:TimeSeriesMatrix,TransferFunction,4,fallback,explicit,TimeSeriesMatrix,"STF; embedded (f,Y) payload; complex64 samples from subtype source survey",N/A,Spectrum and TransferFunction are frequency-domain XML types,docs/plans/2026-09-25-diaggui-xml-product-audit.md#product-claims-and-n-a-rationale
TransferFunction/4:fallback:explicit:FrequencySeries,TransferFunction,4,fallback,explicit,FrequencySeries,"STF; embedded (f,Y) payload; complex64 samples from subtype source survey",unverified,Frequency-product public reader behavior was not exercised in a clean no-dttxml environment for this class and surface.,docs/plans/2026-09-25-diaggui-xml-product-audit.md#coverage-gaps
TransferFunction/4:fallback:explicit:FrequencySeriesDict,TransferFunction,4,fallback,explicit,FrequencySeriesDict,"STF; embedded (f,Y) payload; complex64 samples from subtype source survey",unverified,Frequency-product public reader behavior was not exercised in a clean no-dttxml environment for this class and surface.,docs/plans/2026-09-25-diaggui-xml-product-audit.md#coverage-gaps
TransferFunction/4:fallback:explicit:FrequencySeriesMatrix,TransferFunction,4,fallback,explicit,FrequencySeriesMatrix,"STF; embedded (f,Y) payload; complex64 samples from subtype source survey",unverified,Frequency-product public reader behavior was not exercised in a clean no-dttxml environment for this class and surface.,docs/plans/2026-09-25-diaggui-xml-product-audit.md#coverage-gaps
TransferFunction/4:fallback:auto:TimeSeries,TransferFunction,4,fallback,auto,TimeSeries,"STF; embedded (f,Y) payload; complex64 samples from subtype source survey",N/A,Spectrum and TransferFunction are frequency-domain XML types,docs/plans/2026-09-25-diaggui-xml-product-audit.md#product-claims-and-n-a-rationale
TransferFunction/4:fallback:auto:TimeSeriesDict,TransferFunction,4,fallback,auto,TimeSeriesDict,"STF; embedded (f,Y) payload; complex64 samples from subtype source survey",N/A,Spectrum and TransferFunction are frequency-domain XML types,docs/plans/2026-09-25-diaggui-xml-product-audit.md#product-claims-and-n-a-rationale
TransferFunction/4:fallback:auto:TimeSeriesMatrix,TransferFunction,4,fallback,auto,TimeSeriesMatrix,"STF; embedded (f,Y) payload; complex64 samples from subtype source survey",N/A,Spectrum and TransferFunction are frequency-domain XML types,docs/plans/2026-09-25-diaggui-xml-product-audit.md#product-claims-and-n-a-rationale
TransferFunction/4:fallback:auto:FrequencySeries,TransferFunction,4,fallback,auto,FrequencySeries,"STF; embedded (f,Y) payload; complex64 samples from subtype source survey",unverified,Frequency-product public reader behavior was not exercised in a clean no-dttxml environment for this class and surface.,docs/plans/2026-09-25-diaggui-xml-product-audit.md#coverage-gaps
TransferFunction/4:fallback:auto:FrequencySeriesDict,TransferFunction,4,fallback,auto,FrequencySeriesDict,"STF; embedded (f,Y) payload; complex64 samples from subtype source survey",unverified,Frequency-product public reader behavior was not exercised in a clean no-dttxml environment for this class and surface.,docs/plans/2026-09-25-diaggui-xml-product-audit.md#coverage-gaps
TransferFunction/4:fallback:auto:FrequencySeriesMatrix,TransferFunction,4,fallback,auto,FrequencySeriesMatrix,"STF; embedded (f,Y) payload; complex64 samples from subtype source survey",unverified,Frequency-product public reader behavior was not exercised in a clean no-dttxml environment for this class and surface.,docs/plans/2026-09-25-diaggui-xml-product-audit.md#coverage-gaps
TransferFunction/5:external:normalize:-,TransferFunction,5,external,normalize,-,"COH; embedded (f,Y) payload; float32 samples from subtype source survey",verified,Installed dttxml normalization and decoded payload are covered by an existing verified fixture/test for this subtype.,tests/io/test_dttxml_issue726.py; tests/io/dttxml_audit/test_subtypes.py
TransferFunction/5:external:explicit:TimeSeries,TransferFunction,5,external,explicit,TimeSeries,"COH; embedded (f,Y) payload; float32 samples from subtype source survey",N/A,Spectrum and TransferFunction are frequency-domain XML types,docs/plans/2026-09-25-diaggui-xml-product-audit.md#product-claims-and-n-a-rationale
TransferFunction/5:external:explicit:TimeSeriesDict,TransferFunction,5,external,explicit,TimeSeriesDict,"COH; embedded (f,Y) payload; float32 samples from subtype source survey",N/A,Spectrum and TransferFunction are frequency-domain XML types,docs/plans/2026-09-25-diaggui-xml-product-audit.md#product-claims-and-n-a-rationale
TransferFunction/5:external:explicit:TimeSeriesMatrix,TransferFunction,5,external,explicit,TimeSeriesMatrix,"COH; embedded (f,Y) payload; float32 samples from subtype source survey",N/A,Spectrum and TransferFunction are frequency-domain XML types,docs/plans/2026-09-25-diaggui-xml-product-audit.md#product-claims-and-n-a-rationale
TransferFunction/5:external:explicit:FrequencySeries,TransferFunction,5,external,explicit,FrequencySeries,"COH; embedded (f,Y) payload; float32 samples from subtype source survey",unverified,This subtype/class/backend/surface combination has no direct integrated read assertion; subtype inventory evidence does not establish every return-type and metadata route.,tests/io/test_dttxml_issue726.py; docs/plans/2026-09-25-diaggui-xml-product-audit.md#coverage-gaps
TransferFunction/5:external:explicit:FrequencySeriesDict,TransferFunction,5,external,explicit,FrequencySeriesDict,"COH; embedded (f,Y) payload; float32 samples from subtype source survey",unverified,This subtype/class/backend/surface combination has no direct integrated read assertion; subtype inventory evidence does not establish every return-type and metadata route.,tests/io/test_dttxml_issue726.py; docs/plans/2026-09-25-diaggui-xml-product-audit.md#coverage-gaps
TransferFunction/5:external:explicit:FrequencySeriesMatrix,TransferFunction,5,external,explicit,FrequencySeriesMatrix,"COH; embedded (f,Y) payload; float32 samples from subtype source survey",verified,"This subtype/class/backend/surface has a positive integrated assertion for values, coordinates, pair direction, and applicable metadata.",tests/io/test_dttxml_issue726.py; tests/io/dttxml_audit/test_readers.py
TransferFunction/5:external:auto:TimeSeries,TransferFunction,5,external,auto,TimeSeries,"COH; embedded (f,Y) payload; float32 samples from subtype source survey",N/A,Spectrum and TransferFunction are frequency-domain XML types,docs/plans/2026-09-25-diaggui-xml-product-audit.md#product-claims-and-n-a-rationale
TransferFunction/5:external:auto:TimeSeriesDict,TransferFunction,5,external,auto,TimeSeriesDict,"COH; embedded (f,Y) payload; float32 samples from subtype source survey",N/A,Spectrum and TransferFunction are frequency-domain XML types,docs/plans/2026-09-25-diaggui-xml-product-audit.md#product-claims-and-n-a-rationale
TransferFunction/5:external:auto:TimeSeriesMatrix,TransferFunction,5,external,auto,TimeSeriesMatrix,"COH; embedded (f,Y) payload; float32 samples from subtype source survey",N/A,Spectrum and TransferFunction are frequency-domain XML types,docs/plans/2026-09-25-diaggui-xml-product-audit.md#product-claims-and-n-a-rationale
TransferFunction/5:external:auto:FrequencySeries,TransferFunction,5,external,auto,FrequencySeries,"COH; embedded (f,Y) payload; float32 samples from subtype source survey",unverified,Auto identifier is present for this class but this subtype/backend auto-read combination lacks a direct positive assertion.,gwexpy/frequencyseries/io/dttxml.py:registration; docs/plans/2026-09-25-diaggui-xml-product-audit.md#registry-observations
TransferFunction/5:external:auto:FrequencySeriesDict,TransferFunction,5,external,auto,FrequencySeriesDict,"COH; embedded (f,Y) payload; float32 samples from subtype source survey",unverified,Auto identifier is present for this class but this subtype/backend auto-read combination lacks a direct positive assertion.,gwexpy/frequencyseries/io/dttxml.py:registration; docs/plans/2026-09-25-diaggui-xml-product-audit.md#registry-observations
TransferFunction/5:external:auto:FrequencySeriesMatrix,TransferFunction,5,external,auto,FrequencySeriesMatrix,"COH; embedded (f,Y) payload; float32 samples from subtype source survey",unverified,Auto identifier is present for this class but this subtype/backend auto-read combination lacks a direct positive assertion.,gwexpy/frequencyseries/io/dttxml.py:registration; docs/plans/2026-09-25-diaggui-xml-product-audit.md#registry-observations
TransferFunction/5:native:normalize:-,TransferFunction,5,native,normalize,-,"COH; embedded (f,Y) payload; float32 samples from subtype source survey",verified,Native normalized payload values and reader behavior are asserted by the integrated positive characterization.,tests/io/test_dttxml_issue726.py; tests/io/dttxml_audit/test_subtypes.py
TransferFunction/5:native:explicit:TimeSeries,TransferFunction,5,native,explicit,TimeSeries,"COH; embedded (f,Y) payload; float32 samples from subtype source survey",N/A,Spectrum and TransferFunction are frequency-domain XML types,docs/plans/2026-09-25-diaggui-xml-product-audit.md#product-claims-and-n-a-rationale
TransferFunction/5:native:explicit:TimeSeriesDict,TransferFunction,5,native,explicit,TimeSeriesDict,"COH; embedded (f,Y) payload; float32 samples from subtype source survey",N/A,Spectrum and TransferFunction are frequency-domain XML types,docs/plans/2026-09-25-diaggui-xml-product-audit.md#product-claims-and-n-a-rationale
TransferFunction/5:native:explicit:TimeSeriesMatrix,TransferFunction,5,native,explicit,TimeSeriesMatrix,"COH; embedded (f,Y) payload; float32 samples from subtype source survey",N/A,Spectrum and TransferFunction are frequency-domain XML types,docs/plans/2026-09-25-diaggui-xml-product-audit.md#product-claims-and-n-a-rationale
TransferFunction/5:native:explicit:FrequencySeries,TransferFunction,5,native,explicit,FrequencySeries,"COH; embedded (f,Y) payload; float32 samples from subtype source survey",unverified,This subtype/class/backend/surface combination has no direct integrated read assertion; subtype inventory evidence does not establish every return-type and metadata route.,tests/io/test_dttxml_issue726.py; docs/plans/2026-09-25-diaggui-xml-product-audit.md#coverage-gaps
TransferFunction/5:native:explicit:FrequencySeriesDict,TransferFunction,5,native,explicit,FrequencySeriesDict,"COH; embedded (f,Y) payload; float32 samples from subtype source survey",unverified,This subtype/class/backend/surface combination has no direct integrated read assertion; subtype inventory evidence does not establish every return-type and metadata route.,tests/io/test_dttxml_issue726.py; docs/plans/2026-09-25-diaggui-xml-product-audit.md#coverage-gaps
TransferFunction/5:native:explicit:FrequencySeriesMatrix,TransferFunction,5,native,explicit,FrequencySeriesMatrix,"COH; embedded (f,Y) payload; float32 samples from subtype source survey",verified,"This subtype/class/backend/surface has a positive integrated assertion for values, coordinates, pair direction, and applicable metadata.",tests/io/test_dttxml_issue726.py; tests/io/dttxml_audit/test_readers.py
TransferFunction/5:native:auto:TimeSeries,TransferFunction,5,native,auto,TimeSeries,"COH; embedded (f,Y) payload; float32 samples from subtype source survey",N/A,Spectrum and TransferFunction are frequency-domain XML types,docs/plans/2026-09-25-diaggui-xml-product-audit.md#product-claims-and-n-a-rationale
TransferFunction/5:native:auto:TimeSeriesDict,TransferFunction,5,native,auto,TimeSeriesDict,"COH; embedded (f,Y) payload; float32 samples from subtype source survey",N/A,Spectrum and TransferFunction are frequency-domain XML types,docs/plans/2026-09-25-diaggui-xml-product-audit.md#product-claims-and-n-a-rationale
TransferFunction/5:native:auto:TimeSeriesMatrix,TransferFunction,5,native,auto,TimeSeriesMatrix,"COH; embedded (f,Y) payload; float32 samples from subtype source survey",N/A,Spectrum and TransferFunction are frequency-domain XML types,docs/plans/2026-09-25-diaggui-xml-product-audit.md#product-claims-and-n-a-rationale
TransferFunction/5:native:auto:FrequencySeries,TransferFunction,5,native,auto,FrequencySeries,"COH; embedded (f,Y) payload; float32 samples from subtype source survey",unverified,Auto identifier is present for this class but this subtype/backend auto-read combination lacks a direct positive assertion.,gwexpy/frequencyseries/io/dttxml.py:registration; docs/plans/2026-09-25-diaggui-xml-product-audit.md#registry-observations
TransferFunction/5:native:auto:FrequencySeriesDict,TransferFunction,5,native,auto,FrequencySeriesDict,"COH; embedded (f,Y) payload; float32 samples from subtype source survey",unverified,Auto identifier is present for this class but this subtype/backend auto-read combination lacks a direct positive assertion.,gwexpy/frequencyseries/io/dttxml.py:registration; docs/plans/2026-09-25-diaggui-xml-product-audit.md#registry-observations
TransferFunction/5:native:auto:FrequencySeriesMatrix,TransferFunction,5,native,auto,FrequencySeriesMatrix,"COH; embedded (f,Y) payload; float32 samples from subtype source survey",unverified,Auto identifier is present for this class but this subtype/backend auto-read combination lacks a direct positive assertion.,gwexpy/frequencyseries/io/dttxml.py:registration; docs/plans/2026-09-25-diaggui-xml-product-audit.md#registry-observations
TransferFunction/5:fallback:normalize:-,TransferFunction,5,fallback,normalize,-,"COH; embedded (f,Y) payload; float32 samples from subtype source survey",unverified,This subtype was not run through a reader in a clean no-dttxml process; only Spectrum/2 CSD has a verified frequency-product fallback probe.,docs/plans/2026-09-25-diaggui-xml-product-audit.md#coverage-gaps
TransferFunction/5:fallback:explicit:TimeSeries,TransferFunction,5,fallback,explicit,TimeSeries,"COH; embedded (f,Y) payload; float32 samples from subtype source survey",N/A,Spectrum and TransferFunction are frequency-domain XML types,docs/plans/2026-09-25-diaggui-xml-product-audit.md#product-claims-and-n-a-rationale
TransferFunction/5:fallback:explicit:TimeSeriesDict,TransferFunction,5,fallback,explicit,TimeSeriesDict,"COH; embedded (f,Y) payload; float32 samples from subtype source survey",N/A,Spectrum and TransferFunction are frequency-domain XML types,docs/plans/2026-09-25-diaggui-xml-product-audit.md#product-claims-and-n-a-rationale
TransferFunction/5:fallback:explicit:TimeSeriesMatrix,TransferFunction,5,fallback,explicit,TimeSeriesMatrix,"COH; embedded (f,Y) payload; float32 samples from subtype source survey",N/A,Spectrum and TransferFunction are frequency-domain XML types,docs/plans/2026-09-25-diaggui-xml-product-audit.md#product-claims-and-n-a-rationale
TransferFunction/5:fallback:explicit:FrequencySeries,TransferFunction,5,fallback,explicit,FrequencySeries,"COH; embedded (f,Y) payload; float32 samples from subtype source survey",unverified,Frequency-product public reader behavior was not exercised in a clean no-dttxml environment for this class and surface.,docs/plans/2026-09-25-diaggui-xml-product-audit.md#coverage-gaps
TransferFunction/5:fallback:explicit:FrequencySeriesDict,TransferFunction,5,fallback,explicit,FrequencySeriesDict,"COH; embedded (f,Y) payload; float32 samples from subtype source survey",unverified,Frequency-product public reader behavior was not exercised in a clean no-dttxml environment for this class and surface.,docs/plans/2026-09-25-diaggui-xml-product-audit.md#coverage-gaps
TransferFunction/5:fallback:explicit:FrequencySeriesMatrix,TransferFunction,5,fallback,explicit,FrequencySeriesMatrix,"COH; embedded (f,Y) payload; float32 samples from subtype source survey",unverified,Frequency-product public reader behavior was not exercised in a clean no-dttxml environment for this class and surface.,docs/plans/2026-09-25-diaggui-xml-product-audit.md#coverage-gaps
TransferFunction/5:fallback:auto:TimeSeries,TransferFunction,5,fallback,auto,TimeSeries,"COH; embedded (f,Y) payload; float32 samples from subtype source survey",N/A,Spectrum and TransferFunction are frequency-domain XML types,docs/plans/2026-09-25-diaggui-xml-product-audit.md#product-claims-and-n-a-rationale
TransferFunction/5:fallback:auto:TimeSeriesDict,TransferFunction,5,fallback,auto,TimeSeriesDict,"COH; embedded (f,Y) payload; float32 samples from subtype source survey",N/A,Spectrum and TransferFunction are frequency-domain XML types,docs/plans/2026-09-25-diaggui-xml-product-audit.md#product-claims-and-n-a-rationale
TransferFunction/5:fallback:auto:TimeSeriesMatrix,TransferFunction,5,fallback,auto,TimeSeriesMatrix,"COH; embedded (f,Y) payload; float32 samples from subtype source survey",N/A,Spectrum and TransferFunction are frequency-domain XML types,docs/plans/2026-09-25-diaggui-xml-product-audit.md#product-claims-and-n-a-rationale
TransferFunction/5:fallback:auto:FrequencySeries,TransferFunction,5,fallback,auto,FrequencySeries,"COH; embedded (f,Y) payload; float32 samples from subtype source survey",unverified,Frequency-product public reader behavior was not exercised in a clean no-dttxml environment for this class and surface.,docs/plans/2026-09-25-diaggui-xml-product-audit.md#coverage-gaps
TransferFunction/5:fallback:auto:FrequencySeriesDict,TransferFunction,5,fallback,auto,FrequencySeriesDict,"COH; embedded (f,Y) payload; float32 samples from subtype source survey",unverified,Frequency-product public reader behavior was not exercised in a clean no-dttxml environment for this class and surface.,docs/plans/2026-09-25-diaggui-xml-product-audit.md#coverage-gaps
TransferFunction/5:fallback:auto:FrequencySeriesMatrix,TransferFunction,5,fallback,auto,FrequencySeriesMatrix,"COH; embedded (f,Y) payload; float32 samples from subtype source survey",unverified,Frequency-product public reader behavior was not exercised in a clean no-dttxml environment for this class and surface.,docs/plans/2026-09-25-diaggui-xml-product-audit.md#coverage-gaps
TransferFunction/6:external:normalize:-,TransferFunction,6,external,normalize,-,TF; mixed float64 frequency column and complex64 samples; source survey observed phase-loss risk in external parser,observed,"Installed dttxml actual decode returns real-only float32 samples for mixed float64-frequency/complex64 data, losing phase; native parser preserves phase.",docs/plans/2026-09-25-diaggui-xml-product-audit.md#tf6-phase; gwexpy/io/dttxml_common.py::load_dttxml_products
TransferFunction/6:external:explicit:TimeSeries,TransferFunction,6,external,explicit,TimeSeries,TF; mixed float64 frequency column and complex64 samples; source survey observed phase-loss risk in external parser,N/A,Spectrum and TransferFunction are frequency-domain XML types,docs/plans/2026-09-25-diaggui-xml-product-audit.md#product-claims-and-n-a-rationale
TransferFunction/6:external:explicit:TimeSeriesDict,TransferFunction,6,external,explicit,TimeSeriesDict,TF; mixed float64 frequency column and complex64 samples; source survey observed phase-loss risk in external parser,N/A,Spectrum and TransferFunction are frequency-domain XML types,docs/plans/2026-09-25-diaggui-xml-product-audit.md#product-claims-and-n-a-rationale
TransferFunction/6:external:explicit:TimeSeriesMatrix,TransferFunction,6,external,explicit,TimeSeriesMatrix,TF; mixed float64 frequency column and complex64 samples; source survey observed phase-loss risk in external parser,N/A,Spectrum and TransferFunction are frequency-domain XML types,docs/plans/2026-09-25-diaggui-xml-product-audit.md#product-claims-and-n-a-rationale
TransferFunction/6:external:explicit:FrequencySeries,TransferFunction,6,external,explicit,FrequencySeries,TF; mixed float64 frequency column and complex64 samples; source survey observed phase-loss risk in external parser,unverified,This subtype/class/backend/surface combination has no direct integrated read assertion; subtype inventory evidence does not establish every return-type and metadata route.,tests/io/test_dttxml_issue726.py; docs/plans/2026-09-25-diaggui-xml-product-audit.md#coverage-gaps
TransferFunction/6:external:explicit:FrequencySeriesDict,TransferFunction,6,external,explicit,FrequencySeriesDict,TF; mixed float64 frequency column and complex64 samples; source survey observed phase-loss risk in external parser,unverified,This subtype/class/backend/surface combination has no direct integrated read assertion; subtype inventory evidence does not establish every return-type and metadata route.,tests/io/test_dttxml_issue726.py; docs/plans/2026-09-25-diaggui-xml-product-audit.md#coverage-gaps
TransferFunction/6:external:explicit:FrequencySeriesMatrix,TransferFunction,6,external,explicit,FrequencySeriesMatrix,TF; mixed float64 frequency column and complex64 samples; source survey observed phase-loss risk in external parser,unverified,This subtype/class/backend/surface combination has no direct integrated read assertion; subtype inventory evidence does not establish every return-type and metadata route.,tests/io/test_dttxml_issue726.py; docs/plans/2026-09-25-diaggui-xml-product-audit.md#coverage-gaps
TransferFunction/6:external:auto:TimeSeries,TransferFunction,6,external,auto,TimeSeries,TF; mixed float64 frequency column and complex64 samples; source survey observed phase-loss risk in external parser,N/A,Spectrum and TransferFunction are frequency-domain XML types,docs/plans/2026-09-25-diaggui-xml-product-audit.md#product-claims-and-n-a-rationale
TransferFunction/6:external:auto:TimeSeriesDict,TransferFunction,6,external,auto,TimeSeriesDict,TF; mixed float64 frequency column and complex64 samples; source survey observed phase-loss risk in external parser,N/A,Spectrum and TransferFunction are frequency-domain XML types,docs/plans/2026-09-25-diaggui-xml-product-audit.md#product-claims-and-n-a-rationale
TransferFunction/6:external:auto:TimeSeriesMatrix,TransferFunction,6,external,auto,TimeSeriesMatrix,TF; mixed float64 frequency column and complex64 samples; source survey observed phase-loss risk in external parser,N/A,Spectrum and TransferFunction are frequency-domain XML types,docs/plans/2026-09-25-diaggui-xml-product-audit.md#product-claims-and-n-a-rationale
TransferFunction/6:external:auto:FrequencySeries,TransferFunction,6,external,auto,FrequencySeries,TF; mixed float64 frequency column and complex64 samples; source survey observed phase-loss risk in external parser,unverified,Auto identifier is present for this class but this subtype/backend auto-read combination lacks a direct positive assertion.,gwexpy/frequencyseries/io/dttxml.py:registration; docs/plans/2026-09-25-diaggui-xml-product-audit.md#registry-observations
TransferFunction/6:external:auto:FrequencySeriesDict,TransferFunction,6,external,auto,FrequencySeriesDict,TF; mixed float64 frequency column and complex64 samples; source survey observed phase-loss risk in external parser,unverified,Auto identifier is present for this class but this subtype/backend auto-read combination lacks a direct positive assertion.,gwexpy/frequencyseries/io/dttxml.py:registration; docs/plans/2026-09-25-diaggui-xml-product-audit.md#registry-observations
TransferFunction/6:external:auto:FrequencySeriesMatrix,TransferFunction,6,external,auto,FrequencySeriesMatrix,TF; mixed float64 frequency column and complex64 samples; source survey observed phase-loss risk in external parser,unverified,Auto identifier is present for this class but this subtype/backend auto-read combination lacks a direct positive assertion.,gwexpy/frequencyseries/io/dttxml.py:registration; docs/plans/2026-09-25-diaggui-xml-product-audit.md#registry-observations
TransferFunction/6:native:normalize:-,TransferFunction,6,native,normalize,-,TF; mixed float64 frequency column and complex64 samples; source survey observed phase-loss risk in external parser,observed,Native mixed-layout decoder preserves complex64 phase for the surveyed source-backed layout; coverage is limited to the observed serialization.,gwexpy/io/dttxml_common.py::load_dttxml_native; docs/plans/2026-09-25-diaggui-xml-product-audit.md#tf6-phase
TransferFunction/6:native:explicit:TimeSeries,TransferFunction,6,native,explicit,TimeSeries,TF; mixed float64 frequency column and complex64 samples; source survey observed phase-loss risk in external parser,N/A,Spectrum and TransferFunction are frequency-domain XML types,docs/plans/2026-09-25-diaggui-xml-product-audit.md#product-claims-and-n-a-rationale
TransferFunction/6:native:explicit:TimeSeriesDict,TransferFunction,6,native,explicit,TimeSeriesDict,TF; mixed float64 frequency column and complex64 samples; source survey observed phase-loss risk in external parser,N/A,Spectrum and TransferFunction are frequency-domain XML types,docs/plans/2026-09-25-diaggui-xml-product-audit.md#product-claims-and-n-a-rationale
TransferFunction/6:native:explicit:TimeSeriesMatrix,TransferFunction,6,native,explicit,TimeSeriesMatrix,TF; mixed float64 frequency column and complex64 samples; source survey observed phase-loss risk in external parser,N/A,Spectrum and TransferFunction are frequency-domain XML types,docs/plans/2026-09-25-diaggui-xml-product-audit.md#product-claims-and-n-a-rationale
TransferFunction/6:native:explicit:FrequencySeries,TransferFunction,6,native,explicit,FrequencySeries,TF; mixed float64 frequency column and complex64 samples; source survey observed phase-loss risk in external parser,unverified,This subtype/class/backend/surface combination has no direct integrated read assertion; subtype inventory evidence does not establish every return-type and metadata route.,tests/io/test_dttxml_issue726.py; docs/plans/2026-09-25-diaggui-xml-product-audit.md#coverage-gaps
TransferFunction/6:native:explicit:FrequencySeriesDict,TransferFunction,6,native,explicit,FrequencySeriesDict,TF; mixed float64 frequency column and complex64 samples; source survey observed phase-loss risk in external parser,unverified,This subtype/class/backend/surface combination has no direct integrated read assertion; subtype inventory evidence does not establish every return-type and metadata route.,tests/io/test_dttxml_issue726.py; docs/plans/2026-09-25-diaggui-xml-product-audit.md#coverage-gaps
TransferFunction/6:native:explicit:FrequencySeriesMatrix,TransferFunction,6,native,explicit,FrequencySeriesMatrix,TF; mixed float64 frequency column and complex64 samples; source survey observed phase-loss risk in external parser,unverified,This subtype/class/backend/surface combination has no direct integrated read assertion; subtype inventory evidence does not establish every return-type and metadata route.,tests/io/test_dttxml_issue726.py; docs/plans/2026-09-25-diaggui-xml-product-audit.md#coverage-gaps
TransferFunction/6:native:auto:TimeSeries,TransferFunction,6,native,auto,TimeSeries,TF; mixed float64 frequency column and complex64 samples; source survey observed phase-loss risk in external parser,N/A,Spectrum and TransferFunction are frequency-domain XML types,docs/plans/2026-09-25-diaggui-xml-product-audit.md#product-claims-and-n-a-rationale
TransferFunction/6:native:auto:TimeSeriesDict,TransferFunction,6,native,auto,TimeSeriesDict,TF; mixed float64 frequency column and complex64 samples; source survey observed phase-loss risk in external parser,N/A,Spectrum and TransferFunction are frequency-domain XML types,docs/plans/2026-09-25-diaggui-xml-product-audit.md#product-claims-and-n-a-rationale
TransferFunction/6:native:auto:TimeSeriesMatrix,TransferFunction,6,native,auto,TimeSeriesMatrix,TF; mixed float64 frequency column and complex64 samples; source survey observed phase-loss risk in external parser,N/A,Spectrum and TransferFunction are frequency-domain XML types,docs/plans/2026-09-25-diaggui-xml-product-audit.md#product-claims-and-n-a-rationale
TransferFunction/6:native:auto:FrequencySeries,TransferFunction,6,native,auto,FrequencySeries,TF; mixed float64 frequency column and complex64 samples; source survey observed phase-loss risk in external parser,unverified,Auto identifier is present for this class but this subtype/backend auto-read combination lacks a direct positive assertion.,gwexpy/frequencyseries/io/dttxml.py:registration; docs/plans/2026-09-25-diaggui-xml-product-audit.md#registry-observations
TransferFunction/6:native:auto:FrequencySeriesDict,TransferFunction,6,native,auto,FrequencySeriesDict,TF; mixed float64 frequency column and complex64 samples; source survey observed phase-loss risk in external parser,unverified,Auto identifier is present for this class but this subtype/backend auto-read combination lacks a direct positive assertion.,gwexpy/frequencyseries/io/dttxml.py:registration; docs/plans/2026-09-25-diaggui-xml-product-audit.md#registry-observations
TransferFunction/6:native:auto:FrequencySeriesMatrix,TransferFunction,6,native,auto,FrequencySeriesMatrix,TF; mixed float64 frequency column and complex64 samples; source survey observed phase-loss risk in external parser,unverified,Auto identifier is present for this class but this subtype/backend auto-read combination lacks a direct positive assertion.,gwexpy/frequencyseries/io/dttxml.py:registration; docs/plans/2026-09-25-diaggui-xml-product-audit.md#registry-observations
TransferFunction/6:fallback:normalize:-,TransferFunction,6,fallback,normalize,-,TF; mixed float64 frequency column and complex64 samples; source survey observed phase-loss risk in external parser,unverified,This subtype was not run through a reader in a clean no-dttxml process; only Spectrum/2 CSD has a verified frequency-product fallback probe.,docs/plans/2026-09-25-diaggui-xml-product-audit.md#coverage-gaps
TransferFunction/6:fallback:explicit:TimeSeries,TransferFunction,6,fallback,explicit,TimeSeries,TF; mixed float64 frequency column and complex64 samples; source survey observed phase-loss risk in external parser,N/A,Spectrum and TransferFunction are frequency-domain XML types,docs/plans/2026-09-25-diaggui-xml-product-audit.md#product-claims-and-n-a-rationale
TransferFunction/6:fallback:explicit:TimeSeriesDict,TransferFunction,6,fallback,explicit,TimeSeriesDict,TF; mixed float64 frequency column and complex64 samples; source survey observed phase-loss risk in external parser,N/A,Spectrum and TransferFunction are frequency-domain XML types,docs/plans/2026-09-25-diaggui-xml-product-audit.md#product-claims-and-n-a-rationale
TransferFunction/6:fallback:explicit:TimeSeriesMatrix,TransferFunction,6,fallback,explicit,TimeSeriesMatrix,TF; mixed float64 frequency column and complex64 samples; source survey observed phase-loss risk in external parser,N/A,Spectrum and TransferFunction are frequency-domain XML types,docs/plans/2026-09-25-diaggui-xml-product-audit.md#product-claims-and-n-a-rationale
TransferFunction/6:fallback:explicit:FrequencySeries,TransferFunction,6,fallback,explicit,FrequencySeries,TF; mixed float64 frequency column and complex64 samples; source survey observed phase-loss risk in external parser,unverified,Frequency-product public reader behavior was not exercised in a clean no-dttxml environment for this class and surface.,docs/plans/2026-09-25-diaggui-xml-product-audit.md#coverage-gaps
TransferFunction/6:fallback:explicit:FrequencySeriesDict,TransferFunction,6,fallback,explicit,FrequencySeriesDict,TF; mixed float64 frequency column and complex64 samples; source survey observed phase-loss risk in external parser,unverified,Frequency-product public reader behavior was not exercised in a clean no-dttxml environment for this class and surface.,docs/plans/2026-09-25-diaggui-xml-product-audit.md#coverage-gaps
TransferFunction/6:fallback:explicit:FrequencySeriesMatrix,TransferFunction,6,fallback,explicit,FrequencySeriesMatrix,TF; mixed float64 frequency column and complex64 samples; source survey observed phase-loss risk in external parser,unverified,Frequency-product public reader behavior was not exercised in a clean no-dttxml environment for this class and surface.,docs/plans/2026-09-25-diaggui-xml-product-audit.md#coverage-gaps
TransferFunction/6:fallback:auto:TimeSeries,TransferFunction,6,fallback,auto,TimeSeries,TF; mixed float64 frequency column and complex64 samples; source survey observed phase-loss risk in external parser,N/A,Spectrum and TransferFunction are frequency-domain XML types,docs/plans/2026-09-25-diaggui-xml-product-audit.md#product-claims-and-n-a-rationale
TransferFunction/6:fallback:auto:TimeSeriesDict,TransferFunction,6,fallback,auto,TimeSeriesDict,TF; mixed float64 frequency column and complex64 samples; source survey observed phase-loss risk in external parser,N/A,Spectrum and TransferFunction are frequency-domain XML types,docs/plans/2026-09-25-diaggui-xml-product-audit.md#product-claims-and-n-a-rationale
TransferFunction/6:fallback:auto:TimeSeriesMatrix,TransferFunction,6,fallback,auto,TimeSeriesMatrix,TF; mixed float64 frequency column and complex64 samples; source survey observed phase-loss risk in external parser,N/A,Spectrum and TransferFunction are frequency-domain XML types,docs/plans/2026-09-25-diaggui-xml-product-audit.md#product-claims-and-n-a-rationale
TransferFunction/6:fallback:auto:FrequencySeries,TransferFunction,6,fallback,auto,FrequencySeries,TF; mixed float64 frequency column and complex64 samples; source survey observed phase-loss risk in external parser,unverified,Frequency-product public reader behavior was not exercised in a clean no-dttxml environment for this class and surface.,docs/plans/2026-09-25-diaggui-xml-product-audit.md#coverage-gaps
TransferFunction/6:fallback:auto:FrequencySeriesDict,TransferFunction,6,fallback,auto,FrequencySeriesDict,TF; mixed float64 frequency column and complex64 samples; source survey observed phase-loss risk in external parser,unverified,Frequency-product public reader behavior was not exercised in a clean no-dttxml environment for this class and surface.,docs/plans/2026-09-25-diaggui-xml-product-audit.md#coverage-gaps
TransferFunction/6:fallback:auto:FrequencySeriesMatrix,TransferFunction,6,fallback,auto,FrequencySeriesMatrix,TF; mixed float64 frequency column and complex64 samples; source survey observed phase-loss risk in external parser,unverified,Frequency-product public reader behavior was not exercised in a clean no-dttxml environment for this class and surface.,docs/plans/2026-09-25-diaggui-xml-product-audit.md#coverage-gaps
TransferFunction/7:external:normalize:-,TransferFunction,7,external,normalize,-,"COH; embedded (f,Y) payload; float64 samples observed in source survey",observed,"Installed dttxml decodes embedded-frequency COH and GWexpy source maps COH; surveyed layout only, without an integrated public reader assertion.",docs/plans/2026-09-25-diaggui-xml-product-audit.md#subtype-survey; tests/io/test_dttxml_issue726.py
TransferFunction/7:external:explicit:TimeSeries,TransferFunction,7,external,explicit,TimeSeries,"COH; embedded (f,Y) payload; float64 samples observed in source survey",N/A,Spectrum and TransferFunction are frequency-domain XML types,docs/plans/2026-09-25-diaggui-xml-product-audit.md#product-claims-and-n-a-rationale
TransferFunction/7:external:explicit:TimeSeriesDict,TransferFunction,7,external,explicit,TimeSeriesDict,"COH; embedded (f,Y) payload; float64 samples observed in source survey",N/A,Spectrum and TransferFunction are frequency-domain XML types,docs/plans/2026-09-25-diaggui-xml-product-audit.md#product-claims-and-n-a-rationale
TransferFunction/7:external:explicit:TimeSeriesMatrix,TransferFunction,7,external,explicit,TimeSeriesMatrix,"COH; embedded (f,Y) payload; float64 samples observed in source survey",N/A,Spectrum and TransferFunction are frequency-domain XML types,docs/plans/2026-09-25-diaggui-xml-product-audit.md#product-claims-and-n-a-rationale
TransferFunction/7:external:explicit:FrequencySeries,TransferFunction,7,external,explicit,FrequencySeries,"COH; embedded (f,Y) payload; float64 samples observed in source survey",unverified,This subtype/class/backend/surface combination has no direct integrated read assertion; subtype inventory evidence does not establish every return-type and metadata route.,tests/io/test_dttxml_issue726.py; docs/plans/2026-09-25-diaggui-xml-product-audit.md#coverage-gaps
TransferFunction/7:external:explicit:FrequencySeriesDict,TransferFunction,7,external,explicit,FrequencySeriesDict,"COH; embedded (f,Y) payload; float64 samples observed in source survey",unverified,This subtype/class/backend/surface combination has no direct integrated read assertion; subtype inventory evidence does not establish every return-type and metadata route.,tests/io/test_dttxml_issue726.py; docs/plans/2026-09-25-diaggui-xml-product-audit.md#coverage-gaps
TransferFunction/7:external:explicit:FrequencySeriesMatrix,TransferFunction,7,external,explicit,FrequencySeriesMatrix,"COH; embedded (f,Y) payload; float64 samples observed in source survey",unverified,This subtype/class/backend/surface combination has no direct integrated read assertion; subtype inventory evidence does not establish every return-type and metadata route.,tests/io/test_dttxml_issue726.py; docs/plans/2026-09-25-diaggui-xml-product-audit.md#coverage-gaps
TransferFunction/7:external:auto:TimeSeries,TransferFunction,7,external,auto,TimeSeries,"COH; embedded (f,Y) payload; float64 samples observed in source survey",N/A,Spectrum and TransferFunction are frequency-domain XML types,docs/plans/2026-09-25-diaggui-xml-product-audit.md#product-claims-and-n-a-rationale
TransferFunction/7:external:auto:TimeSeriesDict,TransferFunction,7,external,auto,TimeSeriesDict,"COH; embedded (f,Y) payload; float64 samples observed in source survey",N/A,Spectrum and TransferFunction are frequency-domain XML types,docs/plans/2026-09-25-diaggui-xml-product-audit.md#product-claims-and-n-a-rationale
TransferFunction/7:external:auto:TimeSeriesMatrix,TransferFunction,7,external,auto,TimeSeriesMatrix,"COH; embedded (f,Y) payload; float64 samples observed in source survey",N/A,Spectrum and TransferFunction are frequency-domain XML types,docs/plans/2026-09-25-diaggui-xml-product-audit.md#product-claims-and-n-a-rationale
TransferFunction/7:external:auto:FrequencySeries,TransferFunction,7,external,auto,FrequencySeries,"COH; embedded (f,Y) payload; float64 samples observed in source survey",unverified,Auto identifier is present for this class but this subtype/backend auto-read combination lacks a direct positive assertion.,gwexpy/frequencyseries/io/dttxml.py:registration; docs/plans/2026-09-25-diaggui-xml-product-audit.md#registry-observations
TransferFunction/7:external:auto:FrequencySeriesDict,TransferFunction,7,external,auto,FrequencySeriesDict,"COH; embedded (f,Y) payload; float64 samples observed in source survey",unverified,Auto identifier is present for this class but this subtype/backend auto-read combination lacks a direct positive assertion.,gwexpy/frequencyseries/io/dttxml.py:registration; docs/plans/2026-09-25-diaggui-xml-product-audit.md#registry-observations
TransferFunction/7:external:auto:FrequencySeriesMatrix,TransferFunction,7,external,auto,FrequencySeriesMatrix,"COH; embedded (f,Y) payload; float64 samples observed in source survey",unverified,Auto identifier is present for this class but this subtype/backend auto-read combination lacks a direct positive assertion.,gwexpy/frequencyseries/io/dttxml.py:registration; docs/plans/2026-09-25-diaggui-xml-product-audit.md#registry-observations
TransferFunction/7:native:normalize:-,TransferFunction,7,native,normalize,-,"COH; embedded (f,Y) payload; float64 samples observed in source survey",observed,Native TransferFunction dispatch has no entry for this subtype; this is an observed implementation limit for the surveyed source-backed layout.,gwexpy/io/dttxml_common.py::load_dttxml_native; docs/plans/2026-09-25-diaggui-xml-product-audit.md#subtype-survey
TransferFunction/7:native:explicit:TimeSeries,TransferFunction,7,native,explicit,TimeSeries,"COH; embedded (f,Y) payload; float64 samples observed in source survey",N/A,Spectrum and TransferFunction are frequency-domain XML types,docs/plans/2026-09-25-diaggui-xml-product-audit.md#product-claims-and-n-a-rationale
TransferFunction/7:native:explicit:TimeSeriesDict,TransferFunction,7,native,explicit,TimeSeriesDict,"COH; embedded (f,Y) payload; float64 samples observed in source survey",N/A,Spectrum and TransferFunction are frequency-domain XML types,docs/plans/2026-09-25-diaggui-xml-product-audit.md#product-claims-and-n-a-rationale
TransferFunction/7:native:explicit:TimeSeriesMatrix,TransferFunction,7,native,explicit,TimeSeriesMatrix,"COH; embedded (f,Y) payload; float64 samples observed in source survey",N/A,Spectrum and TransferFunction are frequency-domain XML types,docs/plans/2026-09-25-diaggui-xml-product-audit.md#product-claims-and-n-a-rationale
TransferFunction/7:native:explicit:FrequencySeries,TransferFunction,7,native,explicit,FrequencySeries,"COH; embedded (f,Y) payload; float64 samples observed in source survey",unverified,This subtype/class/backend/surface combination has no direct integrated read assertion; subtype inventory evidence does not establish every return-type and metadata route.,tests/io/test_dttxml_issue726.py; docs/plans/2026-09-25-diaggui-xml-product-audit.md#coverage-gaps
TransferFunction/7:native:explicit:FrequencySeriesDict,TransferFunction,7,native,explicit,FrequencySeriesDict,"COH; embedded (f,Y) payload; float64 samples observed in source survey",unverified,This subtype/class/backend/surface combination has no direct integrated read assertion; subtype inventory evidence does not establish every return-type and metadata route.,tests/io/test_dttxml_issue726.py; docs/plans/2026-09-25-diaggui-xml-product-audit.md#coverage-gaps
TransferFunction/7:native:explicit:FrequencySeriesMatrix,TransferFunction,7,native,explicit,FrequencySeriesMatrix,"COH; embedded (f,Y) payload; float64 samples observed in source survey",unverified,This subtype/class/backend/surface combination has no direct integrated read assertion; subtype inventory evidence does not establish every return-type and metadata route.,tests/io/test_dttxml_issue726.py; docs/plans/2026-09-25-diaggui-xml-product-audit.md#coverage-gaps
TransferFunction/7:native:auto:TimeSeries,TransferFunction,7,native,auto,TimeSeries,"COH; embedded (f,Y) payload; float64 samples observed in source survey",N/A,Spectrum and TransferFunction are frequency-domain XML types,docs/plans/2026-09-25-diaggui-xml-product-audit.md#product-claims-and-n-a-rationale
TransferFunction/7:native:auto:TimeSeriesDict,TransferFunction,7,native,auto,TimeSeriesDict,"COH; embedded (f,Y) payload; float64 samples observed in source survey",N/A,Spectrum and TransferFunction are frequency-domain XML types,docs/plans/2026-09-25-diaggui-xml-product-audit.md#product-claims-and-n-a-rationale
TransferFunction/7:native:auto:TimeSeriesMatrix,TransferFunction,7,native,auto,TimeSeriesMatrix,"COH; embedded (f,Y) payload; float64 samples observed in source survey",N/A,Spectrum and TransferFunction are frequency-domain XML types,docs/plans/2026-09-25-diaggui-xml-product-audit.md#product-claims-and-n-a-rationale
TransferFunction/7:native:auto:FrequencySeries,TransferFunction,7,native,auto,FrequencySeries,"COH; embedded (f,Y) payload; float64 samples observed in source survey",unverified,Auto identifier is present for this class but this subtype/backend auto-read combination lacks a direct positive assertion.,gwexpy/frequencyseries/io/dttxml.py:registration; docs/plans/2026-09-25-diaggui-xml-product-audit.md#registry-observations
TransferFunction/7:native:auto:FrequencySeriesDict,TransferFunction,7,native,auto,FrequencySeriesDict,"COH; embedded (f,Y) payload; float64 samples observed in source survey",unverified,Auto identifier is present for this class but this subtype/backend auto-read combination lacks a direct positive assertion.,gwexpy/frequencyseries/io/dttxml.py:registration; docs/plans/2026-09-25-diaggui-xml-product-audit.md#registry-observations
TransferFunction/7:native:auto:FrequencySeriesMatrix,TransferFunction,7,native,auto,FrequencySeriesMatrix,"COH; embedded (f,Y) payload; float64 samples observed in source survey",unverified,Auto identifier is present for this class but this subtype/backend auto-read combination lacks a direct positive assertion.,gwexpy/frequencyseries/io/dttxml.py:registration; docs/plans/2026-09-25-diaggui-xml-product-audit.md#registry-observations
TransferFunction/7:fallback:normalize:-,TransferFunction,7,fallback,normalize,-,"COH; embedded (f,Y) payload; float64 samples observed in source survey",unverified,This subtype was not run through a reader in a clean no-dttxml process; only Spectrum/2 CSD has a verified frequency-product fallback probe.,docs/plans/2026-09-25-diaggui-xml-product-audit.md#coverage-gaps
TransferFunction/7:fallback:explicit:TimeSeries,TransferFunction,7,fallback,explicit,TimeSeries,"COH; embedded (f,Y) payload; float64 samples observed in source survey",N/A,Spectrum and TransferFunction are frequency-domain XML types,docs/plans/2026-09-25-diaggui-xml-product-audit.md#product-claims-and-n-a-rationale
TransferFunction/7:fallback:explicit:TimeSeriesDict,TransferFunction,7,fallback,explicit,TimeSeriesDict,"COH; embedded (f,Y) payload; float64 samples observed in source survey",N/A,Spectrum and TransferFunction are frequency-domain XML types,docs/plans/2026-09-25-diaggui-xml-product-audit.md#product-claims-and-n-a-rationale
TransferFunction/7:fallback:explicit:TimeSeriesMatrix,TransferFunction,7,fallback,explicit,TimeSeriesMatrix,"COH; embedded (f,Y) payload; float64 samples observed in source survey",N/A,Spectrum and TransferFunction are frequency-domain XML types,docs/plans/2026-09-25-diaggui-xml-product-audit.md#product-claims-and-n-a-rationale
TransferFunction/7:fallback:explicit:FrequencySeries,TransferFunction,7,fallback,explicit,FrequencySeries,"COH; embedded (f,Y) payload; float64 samples observed in source survey",unverified,Frequency-product public reader behavior was not exercised in a clean no-dttxml environment for this class and surface.,docs/plans/2026-09-25-diaggui-xml-product-audit.md#coverage-gaps
TransferFunction/7:fallback:explicit:FrequencySeriesDict,TransferFunction,7,fallback,explicit,FrequencySeriesDict,"COH; embedded (f,Y) payload; float64 samples observed in source survey",unverified,Frequency-product public reader behavior was not exercised in a clean no-dttxml environment for this class and surface.,docs/plans/2026-09-25-diaggui-xml-product-audit.md#coverage-gaps
TransferFunction/7:fallback:explicit:FrequencySeriesMatrix,TransferFunction,7,fallback,explicit,FrequencySeriesMatrix,"COH; embedded (f,Y) payload; float64 samples observed in source survey",unverified,Frequency-product public reader behavior was not exercised in a clean no-dttxml environment for this class and surface.,docs/plans/2026-09-25-diaggui-xml-product-audit.md#coverage-gaps
TransferFunction/7:fallback:auto:TimeSeries,TransferFunction,7,fallback,auto,TimeSeries,"COH; embedded (f,Y) payload; float64 samples observed in source survey",N/A,Spectrum and TransferFunction are frequency-domain XML types,docs/plans/2026-09-25-diaggui-xml-product-audit.md#product-claims-and-n-a-rationale
TransferFunction/7:fallback:auto:TimeSeriesDict,TransferFunction,7,fallback,auto,TimeSeriesDict,"COH; embedded (f,Y) payload; float64 samples observed in source survey",N/A,Spectrum and TransferFunction are frequency-domain XML types,docs/plans/2026-09-25-diaggui-xml-product-audit.md#product-claims-and-n-a-rationale
TransferFunction/7:fallback:auto:TimeSeriesMatrix,TransferFunction,7,fallback,auto,TimeSeriesMatrix,"COH; embedded (f,Y) payload; float64 samples observed in source survey",N/A,Spectrum and TransferFunction are frequency-domain XML types,docs/plans/2026-09-25-diaggui-xml-product-audit.md#product-claims-and-n-a-rationale
TransferFunction/7:fallback:auto:FrequencySeries,TransferFunction,7,fallback,auto,FrequencySeries,"COH; embedded (f,Y) payload; float64 samples observed in source survey",unverified,Frequency-product public reader behavior was not exercised in a clean no-dttxml environment for this class and surface.,docs/plans/2026-09-25-diaggui-xml-product-audit.md#coverage-gaps
TransferFunction/7:fallback:auto:FrequencySeriesDict,TransferFunction,7,fallback,auto,FrequencySeriesDict,"COH; embedded (f,Y) payload; float64 samples observed in source survey",unverified,Frequency-product public reader behavior was not exercised in a clean no-dttxml environment for this class and surface.,docs/plans/2026-09-25-diaggui-xml-product-audit.md#coverage-gaps
TransferFunction/7:fallback:auto:FrequencySeriesMatrix,TransferFunction,7,fallback,auto,FrequencySeriesMatrix,"COH; embedded (f,Y) payload; float64 samples observed in source survey",unverified,Frequency-product public reader behavior was not exercised in a clean no-dttxml environment for this class and surface.,docs/plans/2026-09-25-diaggui-xml-product-audit.md#coverage-gaps
TimeSeries/TS:external:normalize:-,TimeSeries,TS,external,normalize,-,TS time-domain samples; float32 in the public synthetic contract characterization,verified,"Synthetic TS reaches the installed external parser and public TimeSeriesDict.read contract; values, float32 dtype, dt, and epoch are asserted.",tests/io/test_dttxml_base_contract_audit.py::test_external_parser_public_timeseriesdict_read; docs/plans/2026-09-25-diaggui-xml-product-audit.md#ts-contract-trace
TimeSeries/TS:external:explicit:TimeSeries,TimeSeries,TS,external,explicit,TimeSeries,TS time-domain samples; float32 in the public synthetic contract characterization,unverified,Explicit single-series or alternate backend read was not exercised for this TS cell.,docs/plans/2026-09-25-diaggui-xml-product-audit.md#coverage-gaps
TimeSeries/TS:external:explicit:TimeSeriesDict,TimeSeries,TS,external,explicit,TimeSeriesDict,TS time-domain samples; float32 in the public synthetic contract characterization,verified,Public TS-only XML read verified with external parser and base-only fallback contract traces.,tests/io/test_dttxml_base_contract_audit.py::test_external_parser_public_timeseriesdict_read; docs/plans/2026-09-25-diaggui-xml-product-audit.md#ts-contract-trace
TimeSeries/TS:external:explicit:TimeSeriesMatrix,TimeSeries,TS,external,explicit,TimeSeriesMatrix,TS time-domain samples; float32 in the public synthetic contract characterization,observed,"Synthetic TS-only XML was read explicitly into TimeSeriesMatrix; observed float64 dtype, (1,1,4) shape, generic row0/col0 labels, and t0. These output details are not asserted as contract.",docs/plans/2026-09-25-diaggui-xml-product-audit.md#tsm-ts-only-probe
TimeSeries/TS:external:explicit:FrequencySeries,TimeSeries,TS,external,explicit,FrequencySeries,TS time-domain samples; float32 in the public synthetic contract characterization,N/A,TS is a time-domain product,docs/plans/2026-09-25-diaggui-xml-product-audit.md#product-claims-and-n-a-rationale
TimeSeries/TS:external:explicit:FrequencySeriesDict,TimeSeries,TS,external,explicit,FrequencySeriesDict,TS time-domain samples; float32 in the public synthetic contract characterization,N/A,TS is a time-domain product,docs/plans/2026-09-25-diaggui-xml-product-audit.md#product-claims-and-n-a-rationale
TimeSeries/TS:external:explicit:FrequencySeriesMatrix,TimeSeries,TS,external,explicit,FrequencySeriesMatrix,TS time-domain samples; float32 in the public synthetic contract characterization,N/A,TS is a time-domain product,docs/plans/2026-09-25-diaggui-xml-product-audit.md#product-claims-and-n-a-rationale
TimeSeries/TS:external:auto:TimeSeries,TimeSeries,TS,external,auto,TimeSeries,TS time-domain samples; float32 in the public synthetic contract characterization,unverified,"Class identifier/auto routing is registered or absent by registry inspection, but this subtype/class/backend auto-read combination was not executed.",gwexpy/timeseries/io/dttxml.py:registration; docs/plans/2026-09-25-diaggui-xml-product-audit.md#registry-observations
TimeSeries/TS:external:auto:TimeSeriesDict,TimeSeries,TS,external,auto,TimeSeriesDict,TS time-domain samples; float32 in the public synthetic contract characterization,unverified,"Class identifier/auto routing is registered or absent by registry inspection, but this subtype/class/backend auto-read combination was not executed.",gwexpy/timeseries/io/dttxml.py:registration; docs/plans/2026-09-25-diaggui-xml-product-audit.md#registry-observations
TimeSeries/TS:external:auto:TimeSeriesMatrix,TimeSeries,TS,external,auto,TimeSeriesMatrix,TS time-domain samples; float32 in the public synthetic contract characterization,observed,Synthetic TS-only XML format=None read fails with IORegistryError/ValueError because this reader has no DiagGUI identifier.,docs/plans/2026-09-25-diaggui-xml-product-audit.md#tsm-ts-only-probe
TimeSeries/TS:external:auto:FrequencySeries,TimeSeries,TS,external,auto,FrequencySeries,TS time-domain samples; float32 in the public synthetic contract characterization,N/A,TS is a time-domain product,docs/plans/2026-09-25-diaggui-xml-product-audit.md#product-claims-and-n-a-rationale
TimeSeries/TS:external:auto:FrequencySeriesDict,TimeSeries,TS,external,auto,FrequencySeriesDict,TS time-domain samples; float32 in the public synthetic contract characterization,N/A,TS is a time-domain product,docs/plans/2026-09-25-diaggui-xml-product-audit.md#product-claims-and-n-a-rationale
TimeSeries/TS:external:auto:FrequencySeriesMatrix,TimeSeries,TS,external,auto,FrequencySeriesMatrix,TS time-domain samples; float32 in the public synthetic contract characterization,N/A,TS is a time-domain product,docs/plans/2026-09-25-diaggui-xml-product-audit.md#product-claims-and-n-a-rationale
TimeSeries/TS:native:normalize:-,TimeSeries,TS,native,normalize,-,TS time-domain samples; float32 in the public synthetic contract characterization,observed,Low-level native parser is a separate TS normalization observation; it is not selectable through the public TimeSeries reader.,gwexpy/io/dttxml_common.py::load_dttxml_native; docs/plans/2026-09-25-diaggui-xml-product-audit.md#ts-contract-trace
TimeSeries/TS:native:explicit:TimeSeries,TimeSeries,TS,native,explicit,TimeSeries,TS time-domain samples; float32 in the public synthetic contract characterization,N/A,Public TimeSeriesDict.read and the time-series reader family expose no native= selector; low-level native parsing is a separate normalize observation.,gwexpy/timeseries/io/dttxml.py:read_timeseriesdict_dttxml; tests/io/test_dttxml_base_contract_audit.py
TimeSeries/TS:native:explicit:TimeSeriesDict,TimeSeries,TS,native,explicit,TimeSeriesDict,TS time-domain samples; float32 in the public synthetic contract characterization,N/A,Public TimeSeriesDict.read and the time-series reader family expose no native= selector; low-level native parsing is a separate normalize observation.,gwexpy/timeseries/io/dttxml.py:read_timeseriesdict_dttxml; tests/io/test_dttxml_base_contract_audit.py
TimeSeries/TS:native:explicit:TimeSeriesMatrix,TimeSeries,TS,native,explicit,TimeSeriesMatrix,TS time-domain samples; float32 in the public synthetic contract characterization,N/A,Public TimeSeriesDict.read and the time-series reader family expose no native= selector; low-level native parsing is a separate normalize observation.,gwexpy/timeseries/io/dttxml.py:read_timeseriesdict_dttxml; tests/io/test_dttxml_base_contract_audit.py
TimeSeries/TS:native:explicit:FrequencySeries,TimeSeries,TS,native,explicit,FrequencySeries,TS time-domain samples; float32 in the public synthetic contract characterization,N/A,Public TimeSeriesDict.read and the time-series reader family expose no native= selector; low-level native parsing is a separate normalize observation.,gwexpy/timeseries/io/dttxml.py:read_timeseriesdict_dttxml; tests/io/test_dttxml_base_contract_audit.py
TimeSeries/TS:native:explicit:FrequencySeriesDict,TimeSeries,TS,native,explicit,FrequencySeriesDict,TS time-domain samples; float32 in the public synthetic contract characterization,N/A,Public TimeSeriesDict.read and the time-series reader family expose no native= selector; low-level native parsing is a separate normalize observation.,gwexpy/timeseries/io/dttxml.py:read_timeseriesdict_dttxml; tests/io/test_dttxml_base_contract_audit.py
TimeSeries/TS:native:explicit:FrequencySeriesMatrix,TimeSeries,TS,native,explicit,FrequencySeriesMatrix,TS time-domain samples; float32 in the public synthetic contract characterization,N/A,Public TimeSeriesDict.read and the time-series reader family expose no native= selector; low-level native parsing is a separate normalize observation.,gwexpy/timeseries/io/dttxml.py:read_timeseriesdict_dttxml; tests/io/test_dttxml_base_contract_audit.py
TimeSeries/TS:native:auto:TimeSeries,TimeSeries,TS,native,auto,TimeSeries,TS time-domain samples; float32 in the public synthetic contract characterization,N/A,Public TimeSeriesDict.read and the time-series reader family expose no native= selector; low-level native parsing is a separate normalize observation.,gwexpy/timeseries/io/dttxml.py:read_timeseriesdict_dttxml; tests/io/test_dttxml_base_contract_audit.py
TimeSeries/TS:native:auto:TimeSeriesDict,TimeSeries,TS,native,auto,TimeSeriesDict,TS time-domain samples; float32 in the public synthetic contract characterization,N/A,Public TimeSeriesDict.read and the time-series reader family expose no native= selector; low-level native parsing is a separate normalize observation.,gwexpy/timeseries/io/dttxml.py:read_timeseriesdict_dttxml; tests/io/test_dttxml_base_contract_audit.py
TimeSeries/TS:native:auto:TimeSeriesMatrix,TimeSeries,TS,native,auto,TimeSeriesMatrix,TS time-domain samples; float32 in the public synthetic contract characterization,N/A,Public TimeSeriesDict.read and the time-series reader family expose no native= selector; low-level native parsing is a separate normalize observation.,gwexpy/timeseries/io/dttxml.py:read_timeseriesdict_dttxml; tests/io/test_dttxml_base_contract_audit.py
TimeSeries/TS:native:auto:FrequencySeries,TimeSeries,TS,native,auto,FrequencySeries,TS time-domain samples; float32 in the public synthetic contract characterization,N/A,Public TimeSeriesDict.read and the time-series reader family expose no native= selector; low-level native parsing is a separate normalize observation.,gwexpy/timeseries/io/dttxml.py:read_timeseriesdict_dttxml; tests/io/test_dttxml_base_contract_audit.py
TimeSeries/TS:native:auto:FrequencySeriesDict,TimeSeries,TS,native,auto,FrequencySeriesDict,TS time-domain samples; float32 in the public synthetic contract characterization,N/A,Public TimeSeriesDict.read and the time-series reader family expose no native= selector; low-level native parsing is a separate normalize observation.,gwexpy/timeseries/io/dttxml.py:read_timeseriesdict_dttxml; tests/io/test_dttxml_base_contract_audit.py
TimeSeries/TS:native:auto:FrequencySeriesMatrix,TimeSeries,TS,native,auto,FrequencySeriesMatrix,TS time-domain samples; float32 in the public synthetic contract characterization,N/A,Public TimeSeriesDict.read and the time-series reader family expose no native= selector; low-level native parsing is a separate normalize observation.,gwexpy/timeseries/io/dttxml.py:read_timeseriesdict_dttxml; tests/io/test_dttxml_base_contract_audit.py
TimeSeries/TS:fallback:normalize:-,TimeSeries,TS,fallback,normalize,-,TS time-domain samples; float32 in the public synthetic contract characterization,observed,"Clean base-only process without dttxml routes TS-only XML to native fallback; normalization is empty despite valid TS input, with missing-package warning. This is a reproduced contract gap.",docs/plans/2026-09-25-diaggui-xml-product-audit.md#ts-contract-trace
TimeSeries/TS:fallback:explicit:TimeSeries,TimeSeries,TS,fallback,explicit,TimeSeries,TS time-domain samples; float32 in the public synthetic contract characterization,unverified,Explicit single-series or alternate backend read was not exercised for this TS cell.,docs/plans/2026-09-25-diaggui-xml-product-audit.md#coverage-gaps
TimeSeries/TS:fallback:explicit:TimeSeriesDict,TimeSeries,TS,fallback,explicit,TimeSeriesDict,TS time-domain samples; float32 in the public synthetic contract characterization,observed,"Clean base-only public TimeSeriesDict.read with explicit xml.diaggui returns an empty mapping for valid TS-only XML, with missing-package warning. This is a reproduced contract gap.",tests/io/test_dttxml_base_contract_audit.py::test_external_parser_public_timeseriesdict_read; docs/plans/2026-09-25-diaggui-xml-product-audit.md#ts-contract-trace
TimeSeries/TS:fallback:explicit:TimeSeriesMatrix,TimeSeries,TS,fallback,explicit,TimeSeriesMatrix,TS time-domain samples; float32 in the public synthetic contract characterization,observed,Clean no-dttxml explicit read runs the native TS fallback and then raises ValueError: No timeseries provided to align.,docs/plans/2026-09-25-diaggui-xml-product-audit.md#base-only-ts-auto-probe
TimeSeries/TS:fallback:explicit:FrequencySeries,TimeSeries,TS,fallback,explicit,FrequencySeries,TS time-domain samples; float32 in the public synthetic contract characterization,N/A,TS is a time-domain product,docs/plans/2026-09-25-diaggui-xml-product-audit.md#product-claims-and-n-a-rationale
TimeSeries/TS:fallback:explicit:FrequencySeriesDict,TimeSeries,TS,fallback,explicit,FrequencySeriesDict,TS time-domain samples; float32 in the public synthetic contract characterization,N/A,TS is a time-domain product,docs/plans/2026-09-25-diaggui-xml-product-audit.md#product-claims-and-n-a-rationale
TimeSeries/TS:fallback:explicit:FrequencySeriesMatrix,TimeSeries,TS,fallback,explicit,FrequencySeriesMatrix,TS time-domain samples; float32 in the public synthetic contract characterization,N/A,TS is a time-domain product,docs/plans/2026-09-25-diaggui-xml-product-audit.md#product-claims-and-n-a-rationale
TimeSeries/TS:fallback:auto:TimeSeries,TimeSeries,TS,fallback,auto,TimeSeries,TS time-domain samples; float32 in the public synthetic contract characterization,observed,"Clean no-dttxml format=None selects DiagGUI by identifier, then raises ValueError: No channels found in xml.diaggui after the native TS fallback returns no channels.",docs/plans/2026-09-25-diaggui-xml-product-audit.md#base-only-ts-auto-probe
TimeSeries/TS:fallback:auto:TimeSeriesDict,TimeSeries,TS,fallback,auto,TimeSeriesDict,TS time-domain samples; float32 in the public synthetic contract characterization,observed,"Clean no-dttxml format=None selects DiagGUI by identifier, then raises ValueError: cannot calculate span for empty TimeSeriesDict after the native TS fallback returns no channels.",docs/plans/2026-09-25-diaggui-xml-product-audit.md#base-only-ts-auto-probe
TimeSeries/TS:fallback:auto:TimeSeriesMatrix,TimeSeries,TS,fallback,auto,TimeSeriesMatrix,TS time-domain samples; float32 in the public synthetic contract characterization,observed,Synthetic TS-only XML format=None read fails with IORegistryError/ValueError because this reader has no DiagGUI identifier.,docs/plans/2026-09-25-diaggui-xml-product-audit.md#tsm-ts-only-probe
TimeSeries/TS:fallback:auto:FrequencySeries,TimeSeries,TS,fallback,auto,FrequencySeries,TS time-domain samples; float32 in the public synthetic contract characterization,N/A,TS is a time-domain product,docs/plans/2026-09-25-diaggui-xml-product-audit.md#product-claims-and-n-a-rationale
TimeSeries/TS:fallback:auto:FrequencySeriesDict,TimeSeries,TS,fallback,auto,FrequencySeriesDict,TS time-domain samples; float32 in the public synthetic contract characterization,N/A,TS is a time-domain product,docs/plans/2026-09-25-diaggui-xml-product-audit.md#product-claims-and-n-a-rationale
TimeSeries/TS:fallback:auto:FrequencySeriesMatrix,TimeSeries,TS,fallback,auto,FrequencySeriesMatrix,TS time-domain samples; float32 in the public synthetic contract characterization,N/A,TS is a time-domain product,docs/plans/2026-09-25-diaggui-xml-product-audit.md#product-claims-and-n-a-rationale
